	Symbol	Description
0	A	Agilent Technologies
1	AA	Alcoa Corp
2	AAIC	Arlington Asset Investment Corp
3	AAN	Aarons Holdings Company Inc
4	AAP	Advance Auto Parts Inc
5	AAT	American Assets Trust
6	AB	Alliancebernstein Holding LP
7	ABB	Abb Ltd
8	ABBV	Abbvie Inc
9	ABC	Amerisourcebergen Corp
10	ABEV	Ambev S.A.
11	ABG	Asbury Automotive Group Inc
12	ABM	ABM Industries Inc
13	ABR	Arbor Realty Trust
14	ABT	Abbott Laboratories
15	AC	Associated Capital Group Inc
16	ACA	Arcosa Inc
17	ACB	Aurora Cannabis Inc
18	ACC	American Campus Communities Inc
19	ACCO	Acco Brands Corp
20	ACEL	Accel Entertainment Inc
21	ACH	Aluminum Corp of China Ltd
22	ACI	Albertsons Companies Inc Cl A
23	ACIC	Atlas Crest Investment Corp Cl A
24	ACM	Aecom Technology Corp
25	ACN	Accenture Plc
26	ACND	Ascendant Digital Acquisition Corp Cl A
27	ACP	Avenue Income Credit Strategies
28	ACR	Acres Commercial Realty Corp
29	ACRE	Ares Commercial Real Estate Cor
30	ACV	Allianzgi Diversified Income &
31	ADC	Agree Realty Corp
32	ADCT	Adc Therapeutics Sa
33	ADM	Archer Daniels Midland
34	ADNT	Adient Plc
35	ADS	Alliance Data Systems Corp
36	ADT	ADT Inc
37	ADX	Adams Diversified Equity Fund
38	AEB	Aegon N.V. Perp Cap Secs Floating Rate [Ne]
39	AEE	Ameren Corp
40	AEFC	Aegon Funding Company Llc 5.10%
41	AEG	Aegon N.V.
42	AEL	American Equity Investment Life
43	AEM	Agnico-Eagle Mines Ltd
44	AENZ	Aenza S.A.A.
45	AEO	American Eagle Outfitters
46	AER	Aercap Holdings N.V.
47	AES	The Aes Corp
48	AFB	Alliance National Municipal
49	AFC	Allied Capital Corp
50	AFG	American Financial Group
51	AFGB	American Financial Group Inc 5.875%
52	AFGC	American Financial Group Inc 5.125%
53	AFGD	American Financial Group Inc 5.625%
54	AFGE	American Financial Group Inc 4.500%
55	AFI	Armstrong Flooring Inc
56	AFL	Aflac Inc
57	AFT	Apollo Senior Floating Rate Fund Inc
58	AG	First Majestic Silver
59	AGCB	Altimeter Growth Corp 2 Cl A
60	AGCO	Agco Corp
61	AGD	Alpine Global Dynamic Dividend Fund
62	AGI	Alamos Gold Inc
63	AGM	Federal Agricultural Mortgage Corp
64	AGO	Assured Guaranty Ltd
65	AGR	Avangrid Inc
66	AGRO	Adecoagro S.A.
67	AGS	Playags Inc
68	AGX	Argan Inc
69	AHC	A.H. Belo Corp
70	AHH	Armada Hoffler Properties Inc
71	AHT	Ashford Hospitality Trust Inc
72	AI	C3.Ai Inc Cl A
73	AIC	Arlington Asset Investment Cor
74	AIF	Apollo Tactical Income Fund Inc
75	AIG	American International Group
76	AIN	Albany International Corp
77	AIO	Virtus Allianzgi Artificial Intel & Tech Opp
78	AIR	AAR Corp
79	AIRC	Apartment Income REIT Corp
80	AIT	Applied Industrial Technologies
81	AIV	Apartment Investment and Management
82	AIW	Arlington Asset Investment Cor
83	AIZ	Assurant Inc
84	AIZN	Assurant Inc 5.25% Subordinated Notes Due 2061
85	AIZP	Assurant Inc 6.50% Series D Mandatory Converti
86	AJAX	Ajax I Cl A
87	AJG	Arthur J. Gallagher & Company
88	AJRD	Aerojet Rocketdyne Holdings
89	AJX	Great Ajax Corp
90	AJXA	Great Ajax Corp 7.25% Convertible Senior Notes
91	AKR	Acadia Realty Trust
92	AL	Air Lease Corp Cl A
93	ALB	Albemarle Corp
94	ALC	Alcon Inc
95	ALE	Allete Inc
96	ALEX	Alexander and Baldwin Inc
97	ALG	Alamo Group
98	ALK	Alaska Air Group
99	ALL	Allstate Corp
100	ALLE	Allegion Plc
101	ALLY	Ally Financial
102	ALSN	Allison Transmission Holdings
103	ALTG	Alta Equipment Group Inc
104	ALUS	Alussa Energy Acquisition Corp Cl A
105	ALV	Autoliv Inc
106	ALX	Alexander's Inc
107	AM	Antero Midstream Corp
108	AMBC	Ambac Financial Group
109	AMC	Amc Entertainment Holdings Inc
110	AMCR	Amcor Plc
111	AME	Amtek Inc
112	AMG	Affiliated Managers Group
113	AMH	American Homes 4 Rent
114	AMK	Assetmark Financial Holdings Inc
115	AMN	Amn Healthcare Services Inc
116	AMOV	America Movil A ADR
117	AMP	Ameriprise Financial Services
118	AMPY	Amplify Energy Corp
119	AMR	Alpha Metallurgical Resources Inc
120	AMRC	Ameresco Inc
121	AMRX	Amneal Pharmaceuticals Inc
122	AMT	American Tower Corp
123	AMWL	American Well Corp Cl A
124	AMX	America Movil S.A.B. DE C.V.
125	AN	Autonation Inc
126	ANET	Arista Networks Inc
127	ANF	Abercrombie & Fitch Company
128	ANH	Anworth Mortgage Asset Corp
129	ANTM	Anthem Inc
130	AOD	Alpine Total Dynamic Dividend
131	AON	AON Plc
132	AONE	One Cl A
133	AOS	Smith A.O. Corp
134	AP	Ampco-Pittsburgh Corp
135	APAM	Artisan Partners Asset Mgmt
136	APD	Air Products and Chemicals
137	APG	Api Group Corp
138	APH	Amphenol Corp
139	APLE	Apple Hospitality REIT Inc
140	APO	Apollo Global Management Llc C
141	APRN	Blue Apron Holdings Inc
142	APSG	Apollo Strategic Growth Capital Cl A
143	APTS	Preferred Apartment Communities
144	APTV	Aptiv Plc
145	AQN	Algonquin Pwr & Util
146	AQNA	Algonquin Power & Utilities Corp
147	AQNB	Algonquin Power & Utilities Corp 6.20% Fixed-To
148	AQUA	Evoqua Water Technologies Corp
149	AR	Antero Resources Corp
150	ARC	American Reprographics Company
151	ARCH	Arch Resources Inc
152	ARCO	Arcos Dorados Holdings Inc
153	ARD	Ardagh Group S.A.
154	ARDC	Ares Dynamic Credit Allocation
155	ARE	Alexandria Real Estate Equities
156	ARES	Ares Management LP
157	ARGD	Argo Grp Itl Snr NTS
158	ARGO	Argo Group Intl Hlds
159	ARI	Apollo Commercial Real Estate
160	ARL	American Realty Investors
161	ARLO	Arlo Technologies Inc
162	ARMK	Aramark Holdings Corp
163	ARNC	Arconic Corp
164	AROC	Archrock Inc
165	ARR	Armour Residential R
166	ARW	Arrow Electronics
167	ASA	ASA Gold and Precious Metals
168	ASAN	Asana Inc Cl A
169	ASAQ	Atlantic Street Acquisition Corp Cl A
170	ASB	Associated Banc-Corp
171	ASC	Ardmore Shipping Corp
172	ASG	Liberty All-Star Growth Fund
173	ASGI	Aberdeen Standard Global Infrastructure
174	ASGN	On Assignment
175	ASH	Ashland Global Holdings Inc
176	ASIX	Advansix Inc
177	ASPL	Aspirational Consumer Lifestyle Corp Cl A
178	ASPN	Aspen Aerogels Inc
179	ASR	Grupo Aeroportuario Del Sureste
180	ASX	Ase Industrial Holding CO Ltd
181	AT	Atlantic Power Corp
182	ATA	Americas Technology Acquisition Corp
183	ATAC	Altimar Acquisition Corp Cl A
184	ATC	Atotech Limited
185	ATCO	Atlas Corp
186	ATEN	A10 Networks Inc
187	ATGE	Adtalem Global Education Inc
188	ATH	Athene Holding Ltd
189	ATHM	Autohome Inc
190	ATI	Allegheny Technologies Inc
191	ATKR	Atkore Inc
192	ATO	Atmos Energy Corp
193	ATR	Aptargroup
194	ATTO	Atento S.A.
195	ATUS	Altice USA Inc Cl A
196	AU	Anglogold Ashanti Ltd
197	AUY	Yamana Gold
198	AVA	Avista Corp
199	AVAL	Grupo Aval Acciones Y Valores S
200	AVAN	Avanti Acquisition Corp Cl A
201	AVB	Avalonbay Communities
202	AVD	American Vanguard Corp
203	AVK	Advent Claymore Convertible Securities
204	AVLR	Avalara Inc
205	AVNS	Avanos Medical Inc
206	AVNT	Avient Corp
207	AVTR	Avantor Inc
208	AVY	Avery Dennison Corp
209	AVYA	Avaya Holdings Corp
210	AWF	Alliancebernstein Global High Income Fund
211	AWI	Armstrong World Industries Inc
212	AWK	American Water Works
213	AWP	Aberdeen Global Premier Properties Fund
214	AWR	American States Water Company
215	AX	Axos Financial Inc
216	AXL	American Axle & Manufacturing
217	AXO	Axos Financial Inc
218	AXP	American Express Company
219	AXR	Amrep Corp
220	AXS	Axis Capital Holdings
221	AXTA	Axalta Coating Systems Ltd
222	AYI	Acuity Brands Inc
223	AYX	Alteryx Inc
224	AZEK	The Azek Company Inc Cl A
225	AZO	Autozone
226	AZRE	Azure Power Global Ltd
227	AZZ	Azz Inc
228	B	Barnes Group
229	BA	Boeing Company
230	BABA	Alibaba Group Holding
231	BAC	Bank of America Corp
232	BAF	Blackrock Income Inv Quality Trust
233	BAH	Booz Allen Hamilton Holding Corp
234	BAK	Braskem S.A.
235	BALY	Bally's Corp
236	BAM	Brookfield Asset Management Inc
237	BAMH	Brookfield Finance Inc 4.625% Subordinated Notes
238	BAMI	Brookfield Finance Inc 4.50%
239	BANC	First Pactrust Bancorp
240	BAP	Credicorp Ltd
241	BAX	Baxter International Inc
242	BB	Blackberry Ltd
243	BBAR	Bbva Banco Frances S.A.
244	BBD	Banco Bradesco S.A.
245	BBDC	Barings Bdc Inc
246	BBDO	Banco Bradesco S.A.
247	BBF	Blackrock Muni Income Trust
248	BBK	Blackrock Muni Trust
249	BBL	Bhp Billiton Plc
250	BBN	Balckrock Build America Trust
251	BBU	Brookfield Business Partners LP
252	BBVA	Banco Bilbao Viscaya Argentaria S.A.
253	BBW	Build-A-Bear Workshop
254	BBY	Best Buy Company
255	BC	Brunswick Corp
256	BCAT	Blackrock Capital Allocation Trust
257	BCC	Boise Cascade L.L.C.
258	BCE	BCE Inc
259	BCEI	Bonanza Creek Energy Inc
260	BCH	Banco DE Chile
261	BCO	Brink's Company
262	BCS	Barclays Plc
263	BCSF	Bain Capital Specialty Finance Inc
264	BCX	Blackrock Resources
265	BDC	Belden Inc
266	BDJ	Blackrock Enhanced Dividend Achievers
267	BDN	Brandywine Realty Trust
268	BDX	Becton Dickinson and Company
269	BDXB	Becton Dickinson & CO
270	BE	Bloom Energy Corp Cl A
271	BEDU	Bright Scholar Education Holdings Ltd
272	BEKE	Ke Holdings Inc ADR
273	BEN	Franklin Resources
274	BEP	Brookfield Renewable
275	BEPC	Brookfield Renewable Corp
276	BERY	Berry Global Group
277	BEST	Best Inc
278	BFAM	Bright Horizons Family Solutions Inc
279	BFK	Blackrock Muni Income Trust
280	BFLY	Butterfly Network Inc
281	BFS	Saul Centers
282	BFT	Foley Trasimene Acquisition Corp II Cl A
283	BFY	Blackrock New York Muni Trust II
284	BFZ	Blackrock California Muni Trust
285	BG	Bunge Ltd
286	BGB	Blackstone / Gso Strategic Cre
287	BGH	Babson Capital Global Short Du
288	BGIO	Blackrock 2022 Global Income Opportunity Trust
289	BGR	Blackrock Energy and Resources Trust
290	BGS	B&G Foods Holdings
291	BGSF	Bgsf Inc
292	BGT	Blackrock Global
293	BGX	Blackstone Long-Short Credit Income Fund
294	BGY	Blackrock International
295	BH	Biglari Holdings Inc
296	BHC	Bausch Health Companies Inc
297	BHE	Benchmark Electronics
298	BHK	Blackrock Core Trust
299	BHLB	Berkshire Hills Bancorp
300	BHP	Bhp Billiton Ltd
301	BHR	Braemar Hotels & Resorts Inc
302	BHV	Blackrock Virginia Muni Trust
303	BHVN	Biohaven Pharmaceutical Holding Company Ltd
304	BIF	Boulder Growth & Income Fund Inc
305	BIG	Big Lots
306	BILL	Bill.com Holdings Inc
307	BIO	Bio-Rad Laboratories
308	BIP	Brookfield Infrastructure Partners LP
309	BIPC	Brookfield Infrastructure Partners LP Cl A
310	BIT	Blackrock Multi-Sector Income T
311	BJ	Bj's Wholesale Club Holdings Inc
312	BK	Bank of New York Mellon Corp
313	BKD	Brookdale Senior Living Inc
314	BKE	Buckle Inc
315	BKH	Black Hills Corp
316	BKI	Black Knight Inc
317	BKN	Blackrock Investment Quality Municipal
318	BKR	Baker Hughes A Ge CO Cl A
319	BKT	Blackrock Income Trust Inc
320	BKU	BankUnited Inc
321	BLD	Topbuild Corp
322	BLE	Blackrock Muni Income Trust II
323	BLK	Blackrock Inc
324	BLL	Ball Corp
325	BLW	Blackrock Ltd Duration Income Trust
326	BLX	Banco Latinoamericano DE Comercio
327	BMA	Banco Macro S.A.
328	BME	Blackrock Health Sciences Trust
329	BMEZ	Blackrock Health Sciences Trust II
330	BMI	Badger Meter
331	BMO	Bank of Montreal
332	BMY	Bristol-Myers Squibb Company
333	BNED	Barnes & Noble Education Inc C
334	BNL	Broadstone Net Lease Inc Cl A
335	BNS	Bank of Nova Scotia
336	BNY	Blackrock New York Muni Trust Inc
337	BOAC	Bluescape Opportunities Acquisition Cl A
338	BOE	Blackrock Global
339	BOH	Bank of Hawaii Corp
340	BOOT	Boot Barn Holdings Inc
341	BORR	Borr Drilling Ltd
342	BOX	Box Inc
343	BP	BP Plc
344	BPMP	BP Midstream Partners LP
345	BPT	BP Prudhoe Bay Royalty Trust
346	BQ	Boqii Holding Limited ADR
347	BR	Broadridge Financial Solutions Llc
348	BRBR	Bellring Brands Inc Cl A
349	BRC	Brady Corp
350	BRFS	Brf-Brasil Foods S.A.
351	BRMK	Broadmark Realty Capital Inc
352	BRO	Brown & Brown
353	BRT	BRT Realty Trust
354	BRX	Brixmor Property Group Inc
355	BSA	Brightsphere Investment Group Plc
356	BSAC	Banco Santander Chile ADR
357	BSBR	Banco Santander Brasil S.A.
358	BSD	Blackrock Strategic Muni Trust Inc
359	BSE	Blackrock New York Muni Income Trust
360	BSIG	Brightsphere Investment Group Plc
361	BSL	Blackstone Gso Senior Floating Rate
362	BSM	Black Stone Minerals LP
363	BSMX	Grupo Financiero Santander Mexico
364	BSN	Broadstone Acquisition Corp Cl A
365	BST	Blackrock Science and Technolo
366	BSTZ	Blackrock Science and Technology Trust II
367	BSX	Boston Scientific Corp
368	BTA	Blackrock Long-Term Muni Advantage Trust
369	BTI	British American Tobacco Industries
370	BTO	John Hancock Bank and Thrift Fund
371	BTT	Blackrock Municipal Target Term
372	BTU	Peabody Energy Corp
373	BTZ	Blackrock Preferred
374	BUD	Anheuser-Busch Inbev S.A.
375	BUI	Blackrock Utility and Infrastr
376	BUR	Burford Capital Limited
377	BURL	Burlington Stores Inc
378	BV	Brightview Holdings Inc
379	BVH	Bluegreen Vacations Hldg Corp.
380	BVN	Compania Mina Buenaventura S.A.
381	BW	Babcock & Wilcox Enterprises
382	BWA	Borgwarner Inc
383	BWG	Legg Mason Bw Global Income
384	BWSN	Babcock & Wilcox Enterprises Inc
385	BWXT	Bwx Technologies Inc
386	BX	The Blackstone Group LP
387	BXC	Bluelinx Holdings Inc
388	BXG	Bluegreen Vacations Corp
389	BXMT	Blackstone Mortgage Trust Inc Cl A
390	BXMX	Nuveen Equity Premium
391	BXP	Boston Properties
392	BXS	Bancorpsouth Inc
393	BY	Byline Bancorp Inc
394	BYD	Boyd Gaming Corp
395	BYM	Blackrock Muni Income Quality Trust
396	BZH	Beazer Homes USA
397	BZM	Blackrock Maryland Muni Trust
398	C	Citigroup Inc
399	CAAP	Corporacion America Airports Sa
400	CABO	Cable One Inc
401	CACI	Caci International
402	CADE	Cadence Bancorp Cl A
403	CAE	Cae Inc
404	CAF	Morgan Stanley China A Share Fund Inc
405	CAG	Conagra Brands Inc
406	CAH	Cardinal Health
407	CAI	Cai International
408	CAJ	Canon Inc
409	CAL	Caleres Inc
410	CALX	Calix Inc
411	CANG	Cango Inc ADR
412	CAP	Capitol Investment Corp. V Cl A
413	CAPL	Crossamerica Partners LP
414	CARR	Carrier Global Corp [Carr/I]
415	CARS	Cars.com Inc
416	CAS	Cascade Acquisition Corp Cl A
417	CAT	Caterpillar Inc
418	CATO	Cato Corp
419	CB	Chubb Ltd
420	CBAH	CBRE Acquisition Holdings Inc Cl A
421	CBB	Cincinnati Bell Inc
422	CBD	Companhia Brasileira DE Distribuicao
423	CBH	Allianzgi Convertible Income 2024 Target Term Fu
424	CBRE	CBRE Group Inc
425	CBT	Cabot Corp
426	CBU	Community Bank System
427	CBZ	Cbiz Inc
428	CC	Chemours Company
429	CCAC	Citic Capital Acquisition Corp Cl A
430	CCEP	Coca Cola European Partners
431	CCI	Crown Castle International Corp
432	CCIV	Churchill Capital IV Cl A
433	CCJ	Cameco Corp
434	CCK	Crown Cork & Seal Company
435	CCL	Carnival Corp
436	CCM	Concord Medical Services
437	CCO	Clear Channel Outdoor Holdings
438	CCS	Century Communities Inc
439	CCU	Compania Cervecerias Unidas S.A.
440	CCV	Churchill Capital V Cl A
441	CCX	Churchill Capital II Cl A
442	CCZ	Comcast Corp
443	CDAY	Ceridian Hcm Holding Inc
444	CDE	Coeur Mining Inc
445	CDR	Cedar Realty Trust Inc
446	CE	Celanese Corp
447	CEA	China Eastern Airlines Corp Ltd
448	CEE	Central Europe and Russia Fund
449	CEIX	Consol Energy Inc
450	CEL	Cellcom Israel
451	CELP	Cypress Energy Partners LP
452	CEM	Clearbridge Energy MLP Fund Inc
453	CEN	Center Coast MLP & Infrastructure
454	CEO	Cnooc Ltd
455	CEPU	Central Puerto S.A. ADR
456	CEQP	Crestwood Equity Partners LP
457	CF	Cf Industries Holdings
458	CFG	Citizens Financial Group Inc/Ri
459	CFR	Cullen/Frost Bankers
460	CFX	Colfax Corp
461	CFXA	Colfax Corp Tangible Equity Unit
462	CGA	China Green Agriculture
463	CHCT	Community Healthcare Trust Inc
464	CHD	Church & Dwight Company
465	CHE	Chemed Inc
466	CHGG	Chegg Inc
467	CHH	Choice Hotels International
468	CHMI	Cherry Hill Mortgage Investmen
469	CHN	China Fund
470	CHRA	Charah Solutions Inc
471	CHS	Chico's Fas
472	CHT	Chunghwa Telecom CO Ltd
473	CHWY	Chewy Inc
474	CI	Cigna Corp
475	CIA	Citizens Inc
476	CIB	Bancolombia S.A.
477	CIEN	Ciena Corp
478	CIF	Colonial Intermediate High
479	CIG	Comp En DE MN Cemig ADR
480	CII	Blackrock Capital and Income Strategies
481	CIM	Chimera Investment Corp
482	CINR	Ciner Resources LP
483	CIO	City Office REIT Inc
484	CIR	Circor International
485	CIT	Cit Group Inc
486	CIXX	CI Financial Corp OR
487	CKH	Seacor Smit Inc
488	CL	Colgate-Palmolive Company
489	CLA	Colonnade Acquisition Corp Cl A
490	CLB	Core Laboratories N.V.
491	CLDR	Cloudera Inc
492	CLDT	Chatham Lodging Trust REIT
493	CLF	Cleveland-Cliffs Inc
494	CLGX	Corelogic
495	CLH	Clean Harbors
496	CLI	Mack-Cali Realty Corp
497	CLII	Climate Real Impact I Acquisition Corp
498	CLNC	Colony Northstar Credit Real Estate Inc Class
499	CLNY	Colony Capital Inc
500	CLPR	Clipper Realty Inc
501	CLR	Continental Resources
502	CLS	Celestica Inc
503	CLVT	Clarivate Analytics Plc
504	CLW	Clearwater Paper Corp
505	CLX	Clorox Company
506	CM	Canadian Imperial Bank of Commerce
507	CMA	Comerica Inc
508	CMC	Commercial Metals Company
509	CMCM	Cheetah Mobile Inc
510	CMD	Cantel Medical
511	CMG	Chipotle Mexican Grill
512	CMI	Cummins Inc
513	CMO	Capstead Mortgage Corp
514	CMP	Compass Minerals Intl Inc
515	CMRE	Costamare Inc
516	CMS	Cms Energy Corp
517	CMSA	Cms Energy Corp 5.625% Junior Subordinate
518	CMSC	Cms Energy Corp
519	CMSD	Cms Energy Corp 5.875% Junior Subordinate
520	CMU	Colonial Muni Income Trust
521	CNA	Cna Financial Corp
522	CNC	Centene Corp
523	CND	Concord Acquisition Corp Cl A
524	CNF	Cnfinance Holdings Ltd ADR
525	CNHI	CNH Industrial N.V.
526	CNI	Canadian National Railway
527	CNK	Cinemark Holdings Inc
528	CNMD	C O N M E D Cp
529	CNNE	Cannae Holdings Inc
530	CNO	Cno Financial Group
531	CNP	Centerpoint Energy Inc
532	CNQ	Canadian Natural Resources
533	CNR	Cornerstone Building Brands Inc
534	CNS	Cohn & Steers Inc
535	CNX	CNX Resources Corp
536	CO	Global Cord Blood Corp
537	CODI	Compass Diversified Holdings
538	COE	China Online Education Group
539	COF	Capital One Financial Corp
540	COG	Cabot Oil & Gas Corp
541	COLD	Americold Realty Trust
542	COO	Cooper Companies
543	COP	Conocophillips
544	COR	Coresite Realty Corp
545	CORR	Corenergy Infrastructure Trust Inc
546	COTY	Coty Inc
547	CP	Canadian Pacific Railway
548	CPA	Copa Holdings S.A.
549	CPAC	Cementos Pacasmayo S.A.A
550	CPB	Campbell Soup Company
551	CPE	Callon Petroleum Company
552	CPF	Central Pacific Financial Company
553	CPG	Crescent Pt Energy
554	CPK	Chesapeake Utilities Corp
555	CPLG	Corepoint Lodging Inc
556	CPRI	Capri Holdings Ltd
557	CPS	Cooper Std Hld Inc
558	CPSR	Capstar Special Acquisition Corp Cl A
559	CPT	Camden Property Trust
560	CR	Crane Company
561	CRC	California Resources Corp
562	CRH	CRH Plc
563	CRHC	Cohn Robbins Holdings Corp Cl A
564	CRI	Carter's Inc
565	CRK	Comstock Resources
566	CRL	Charles River Laboratories Intl
567	CRM	Salesforce.com Inc
568	CRS	Carpenter Technology Corp
569	CRT	Cross Timbers Royalty Trust
570	CRU	Crucible Acquisition Corporation Cl A
571	CRY	Cryolife
572	CS	Credit Suisse Group
573	CSL	Carlisle Companies Inc
574	CSLT	Castlight Health Inc
575	CSPR	Casper Sleep Inc
576	CSR	Centerspace
577	CSTM	Constellium N.V.
578	CSU	Capital Senior Living Corp
579	CSV	Carriage Services
580	CTAA	Qwest Corp
581	CTAC	Cerberus Telecom Acquisition Corp Cl A
582	CTB	Cooper Tire & Rubber Company
583	CTBB	Qwest Corp
584	CTDD	Qwest Corp 6.75% Notes Due 2057
585	CTK	Cootek Cayman Inc
586	CTLT	Catalent Inc
587	CTO	Consolidated-Tomoka Land Company
588	CTR	Clearbridge Energy MLP Fund IN
589	CTRA	Contura Energy Inc
590	CTS	Cts Corp
591	CTT	Catchmark Timber Trust Inc
592	CTVA	Corteva Inc
593	CUB	Cubic Corp
594	CUBB	Customers Bancorp Inc 5.375%
595	CUBE	Cubesmart
596	CUBI	Customers Bancorp
597	CUK	Carnival Plc ADR
598	CULP	Culp Inc
599	CURO	Curo Group Holdings Corp
600	CUZ	Cousins Properties Inc
601	CVA	Covanta Holding Corp
602	CVE	Cenovus Energy Inc
603	CVEO	Civeo Corp
604	CVI	Cvr Energy Inc
605	CVNA	Carvana CO Cl A
606	CVS	CVS Corp
607	CVX	Chevron Corp
608	CW	Curtiss-Wright Corp
609	CWEN	Clearway Energy Inc Cl C
610	CWH	Camping World Holdings Inc
611	CWK	Cushman & Wakefield Plc
612	CWT	California Water Service Group Holding
613	CX	Cemex S.A.B. DE C.V.
614	CXE	Colonial High Income Muni Trust
615	CXH	Colonial Investment Grade Muni Trust
616	CXP	Columbia Property Trust Inc
617	CXW	Corecivic Inc
618	CYD	China Yuchai International
619	CYH	Community Health Systems
620	CZZ	Cosan Ltd
621	D	Dominion Resources
622	DAC	Danaos Corp
623	DAL	Delta Air Lines Inc
624	DAN	Dana Inc
625	DAO	Youdao Inc ADR
626	DAR	Darling International Inc
627	DASH	Doordash Inc Cl A
628	DAVA	Endava Plc
629	DB	Deutsche Bank Ag
630	DBD	Diebold Nixdorf Inc
631	DBI	Designer Brands Inc
632	DBL	Doubleline Opportunistic Credi
633	DCF	Dreyfus Alcentra Global Credit Income 2024 Targe
634	DCI	Donaldson Company
635	DCO	Ducommun Inc
636	DCP	Dcp Midstream LP
637	DCUE	Dominion Energy Inc 2019 Series A
638	DD	Du Pont De.Nemours Inc
639	DDD	3D Systems Corp
640	DDF	Delaware Dividend & Income
641	DDS	Dillard's
642	DDT	Dillard's
643	DE	Deere & Company
644	DEA	Easterly Government Properties
645	DECK	Deckers Outdoor Corp
646	DEH	D8 Holdings Corp Cl A
647	DEI	Douglas Emmett
648	DELL	Dell Technologies Inc
649	DEN	Denbury Inc
650	DEO	Diageo Plc
651	DESP	Despegar.com Corp
652	DEX	Delaware Enhanced Global Dividend
653	DFIN	Donnelly Financial Solutions Inc
654	DFNS	LGL Systems Acquisition Corp
655	DFP	Flaherty & Crumrine Dynamic
656	DFS	Discover Financial Services
657	DG	Dollar General Corp
658	DGNR	Dragoneer Growth Opportunities Corp Cl A
659	DGX	Quest Diagnostics Inc
660	DHF	Dreyfus High Yield Strategies Fund
661	DHI	D.R. Horton
662	DHR	Danaher Corp
663	DHT	Dht Holdings
664	DHX	Dice Holdings
665	DIAX	Nuveen Dow
666	DIN	Dineequity Inc
667	DIS	Walt Disney Company
668	DK	Delek US Holdings
669	DKL	Delek Logistics Partners LP
670	DKS	Dick's Sporting Goods Inc
671	DL	China Distance Education Holdings
672	DLB	Dolby Laboratories
673	DLNG	Dynagas Lng Partners LP
674	DLR	Digital Realty Trust
675	DLX	Deluxe Corp
676	DLY	Doubleline Yield Opportunities Fund Common Share
677	DM	Desktop Metal Inc
678	DMB	Dreyfus Municipal Bond Infrastr
679	DMO	Western Asset Mortgage Defined Opp
680	DMS	Digital Media Solutions Inc
681	DMYD	Dmy Technology Group Inc II Cl A
682	DMYI	Dmy Technology Group Inc III Cl A
683	DNB	Dun & Bradstreet Holdings Inc
684	DNK	Phoenix Tree Holdings Limited ADR
685	DNMR	Danimer Scientific Inc
686	DNOW	Now Inc
687	DNP	Duff & Phelps Utilities Income
688	DOC	Physicians Realty Trust
689	DOOR	Masonite Worldwide Hld
690	DOV	Dover Corp
691	DOW	Dow Inc
692	DPG	Duff & Phelps Global Utility
693	DPZ	Domino's Pizza Inc
694	DQ	Daqo New Energy
695	DRD	Drdgold Ltd
696	DRE	Duke Realty Corp
697	DRH	Diamondrock Hospitality Company
698	DRI	Darden Restaurants
699	DRQ	Dril-Quip
700	DRUA	Dominion Resources Inc
701	DS	Drive Shack Inc
702	DSE	Duff & Phelps Select Energy ML
703	DSL	Doubleline Income Solutions Fun
704	DSM	Dreyfus Strategic Muni Bond Fund
705	DSSI	Diamond S Shipping Inc
706	DSU	Blackrock Debt Strategies Fund
707	DSX	Diana Shipping Inc
708	DT	Dynatrace Inc
709	DTB	Dte Energy Company 2020 Series G 4.375% Junior S
710	DTE	Dte Energy Company
711	DTF	Duff & Phelps Utilities Tax-Free Income
712	DTJ	Dte Energy Company 2016 Series
713	DTP	Dte Energy CO Units
714	DTW	Dte Energy Company 2017 Series E 5.25% Jr
715	DTY	Dignity Plc
716	DUC	Duff & Phelps Utility & Corporate Trust
717	DUK	Duke Energy Corp
718	DUKB	Duke Energy Corp 5.625%
719	DUKH	Duke Energy Corp 5.125%
720	DVA	Davita Healthcare Partners Inc
721	DVD	Dover Downs Entertainment
722	DVN	Devon Energy Corp
723	DWIN	Delwinds Insurance Acquisition Corp Cl A
724	DX	Dynex Capital
725	DXC	Dxc Technology Company
726	DY	Dycom Industries
727	DYFN	Angel Oak Dynamic Financial Strategies
728	E	Eni S.P.A.
729	EAF	Graftech International Ltd
730	EAI	Entergy Arkansas Inc
731	EARN	Ellington Residential Mortgage
732	EAT	Brinker International
733	EB	Eventbrite Inc
734	EBF	Ennis Inc
735	EBR	Centrais Electricas Brazil
736	EBS	Emergent Biosolutions
737	EC	Ecopetrol S.A.
738	ECC	Eagle Point Credit CO Inc
739	ECCB	Eagle Point Credit Company Inc
740	ECCX	Eagle Point Credit Company Inc 6.6875% Notes Du
741	ECCY	Eagle Point Credit Company Inc
742	ECL	Ecolab Inc
743	ECOM	Channeladvisor Corp
744	ED	Consolidated Edison Company of New York
745	EDD	Emerging Markets Domestic Debt Fund
746	EDF	Stone Harbor Emerging Markets
747	EDI	Stone Harbor Emerging Markets
748	EDN	Empresa Distribuidora Y Comercializadora
749	EDU	New Oriental Education & Technology Group
750	EEA	European Equity Fund
751	EEX	Emerald Expositions Events Inc
752	EFC	Ellington Financial Llc
753	EFF	Eaton Vance Floating-Rate Inco
754	EFL	Eaton Vance Floating-Rate 2022 Target Term Trust
755	EFR	Eaton Vance Senior Floating-Rate Fund
756	EFT	Eaton Vance Floating Rate Income Trust
757	EFX	Equifax Inc
758	EGF	Blackrock Enhanced Government Fund
759	EGHT	8X8 Inc
760	EGO	Eldorado Gold Corp
761	EGP	Eastgroup Properties
762	EGY	Vaalco Energy Inc
763	EHC	Encompass Health Corp
764	EHI	Western Asset Global High
765	EHT	Eaton Vance High Income 2021 Ta
766	EIC	Eagle Point Income Company Inc
767	EIG	Employers Holdings Inc
768	EIX	Edison International
769	EL	Estee Lauder Companies
770	ELAN	Elanco Animal Health Inc
771	ELAT	Elanco Animal Health Inc Units
772	ELC	Entergy Louisiana Llc
773	ELF	E.L.F. Beauty Inc
774	ELP	Companhia Paranaense DE Energia
775	ELS	Equity Lifestyle Properties
776	ELVT	Elevate Credit Inc
777	ELY	Callaway Golf Company
778	EMD	Western Asset Emerging Market Debt Fund Inc
779	EME	Emcor Group
780	EMF	Templeton Emerging Markets Fund
781	EMN	Eastman Chemical Company
782	EMO	Clearbridge Energy MLP Opportu
783	EMP	Entergy Mississippi Inc 4.9% Bonds
784	EMPW	Empower Ltd Cl A
785	EMR	Emerson Electric Company
786	ENB	Enbridge Inc
787	ENBA	Enbridge Inc 6.375% Fixed-To-Floating Rate
788	ENBL	Enable Midstream Partners LP
789	ENIA	Enersis Americas S.A. American
790	ENIC	Enersis Chile S.A. ADR
791	ENJ	Entergy New Orleans Inc
792	ENLC	Enlink Midstream Llc
793	ENO	Entergy New Orleans Incfirst
794	ENPC	Executive Network Partnering Corp Cl A
795	ENR	Energizer Holdings Inc
796	ENS	Enersys Inc
797	ENV	Envestnet Inc
798	ENVA	Enova International Inc
799	ENZ	Enzo Biochem
800	EOD	Wells Fargo Global Dividend Opportunity
801	EOG	Eog Resources
802	EOI	Eaton Vance Enhance Equity
803	EOS	Eaton Vance Enhanced Equity II
804	EOT	Eaton Vance Muni Income Trust
805	EPAC	Actuant Corp
806	EPAM	Epam Systems Inc
807	EPC	Edgewell Personal Care
808	EPD	Enterprise Products Partners LP
809	EPR	Entertainment Properties Trust
810	EPRT	Essential Properties Realty Trust Inc
811	EQC	Equity Commonwealth
812	EQD	Equity Distribution Acquisition Corp Cl A
813	EQH	Axa Equitable Holdings Inc
814	EQNR	Equinor ASA
815	EQR	Equity Residential
816	EQS	Equus Total Return
817	EQT	Eqt Corp
818	ERF	Enerplus Corp
819	ERJ	Embraer-Empresa Brasileira DE Aeronautica
820	ES	Eversource Energy
821	ESE	Esco Technologies Inc
822	ESGC	Eros Stx Global Corp.
823	ESI	Element Solutions Inc
824	ESNT	Essent Group Ltd
825	ESRT	Empire State Realty Trust Inc
826	ESS	Essex Property Trust
827	ESTC	Elastic N.V.
828	ESTE	Earthstone Energy
829	ET	Energy Transfer LP
830	ETB	Eaton Vance Tax-Managed Buy-Write
831	ETG	Eaton Vance Tax-Advantaged Global Dividend
832	ETH	Ethan Allen Interiors Inc
833	ETJ	Eaton Vance Risk-Managed Diversified Equity
834	ETM	Entercom Communications Corp
835	ETN	Eaton Corp
836	ETO	Eaton Vance Tax-Advantage Global Dividend Opp
837	ETR	Entergy Corp
838	ETRN	Equitrans Midstream Corp
839	ETV	Eaton Vance Corp
840	ETW	Eaton Vance Corp
841	ETWO	E2Open Parent Hldg Inc
842	ETX	Eaton Vance Municipal Income T
843	ETY	Eaton Vance Tax-Managed Diversified Equity
844	EURN	Euronav NV
845	EV	Eaton Vance Corp
846	EVA	Enviva Partners LP
847	EVC	Entravision Communications Corp
848	EVF	Eaton Vance Senior Income Trust
849	EVG	Eaton Vance Short Diversified
850	EVH	Evolent Health Inc Cl A Com
851	EVN	Eaton Vance Muni Income Trust
852	EVR	Evercore Partners Inc
853	EVRG	Evergy Inc
854	EVRI	Everi Holdings Inc
855	EVT	Eaton Vance Tax Advantaged Dividend
856	EVTC	Evertec Inc
857	EW	Edwards Lifesciences Corp
858	EXD	Eaton Vance Tax-Advantaged Bond
859	EXG	Eaton Vance Tax-Managed Global Diversified Equit
860	EXK	Endeavour Silver Corp
861	EXP	Eagle Materials Inc
862	EXPR	Express Inc
863	EXR	Extra Space Storage Inc
864	EXTN	Exterran Corp
865	F	Ford Motor Company
866	FAF	First American Corp
867	FAII	Fortress Value Acquisition Corp II Cl A
868	FAM	First Trust/Aberdeen Global Opportunity
869	FBC	Flagstar Bancorp
870	FBHS	Fortune Brands Home & Security
871	FBK	Fb Financial Corp
872	FBP	First Bancorp
873	FC	Franklin Covey Company
874	FCF	First Commonwealth Financial Corp
875	FCN	Fti Consulting
876	FCPT	Four Corners Property Trust IN
877	FCRW	First Eagle Alternative Capital Gbc Inc
878	FCRZ	First Eagle Alternative Capital Bdc Inc
879	FCT	Senior Floating Rate II
880	FCX	Freeport-Mcmoran Inc
881	FDEU	First Trust Dynamic Europe Equi
882	FDP	Fresh Del Monte Produce
883	FDS	Factset Research Systems Inc
884	FDX	Fedex Corp
885	FE	Firstenergy Corp
886	FEDU	Four Seasons Education Cayman Inc
887	FEI	First Trust MLP and Energy Inc
888	FENG	Phoenix New Media Ltd
889	FEO	First Trust/Aberdeen Emerging Opportunity Fund
890	FET	Forum Energy Technologies Inc
891	FF	Futurefuel Corp
892	FFA	First Trust Enhanced Equity Income Fund
893	FFC	Flaherty Crumrine/Claymore Preferred Securities
894	FFG	Fbl Financial Group
895	FGB	Specialty Finance and Financial Fund
896	FGNA	Fg New America Acquisition Corp Cl A
897	FHI	Federated Investors
898	FHN	First Horizon Corp
899	FI	Frank's International N.V.
900	FICO	Fair Isaac and Company Inc
901	FIF	First Trust Energy Infrastruct
902	FINS	Angel Oak Financial Strategies Income Term Trust
903	FINV	Finvolution Group
904	FIS	Fidelity National Information Services
905	FIV	First Trust Senior Floating Rate 2022 Target Ter
906	FIX	Comfort Systems USA
907	FL	Footlocker Inc
908	FLC	Flaherty & Crumrine/Claymore Total Return
909	FLNG	Flex Lng Ltd
910	FLO	Flowers Foods
911	FLOW	SPX Flow Inc
912	FLR	Fluor Corp
913	FLS	Flowserve Corp
914	FLT	Fleetcor Technologies
915	FLY	Fly Leasing Ltd
916	FMAC	Firstmark Horizon Acquisition Corp Cl A
917	FMC	FMC Corp
918	FMN	Federated Premier Muni
919	FMO	Fiduciary/Claymore MLP Opportunity Fund
920	FMS	Fresenius Medical Care Corp
921	FMX	Fomento Economico Mexicano S.A.B. DE C.V.
922	FMY	First Trust/Fidac Mortgage Income Fund
923	FN	Fabrinet
924	FNB	F.N.B. Corp
925	FND	Floor & Decor Holdings Inc
926	FNF	Fidelity National Financial
927	FNV	Franco Nev Corp
928	FOE	Ferro Corp
929	FOF	Cohen & Steers Closed-End Opportunity Fund
930	FOR	Forestar Group Inc
931	FOUR	Shift4 Payments Inc
932	FPAC	Far Peak Acquisition Corporation Cl A
933	FPF	First Trust Intermediate Durat
934	FPH	Five Point Holdings Llc Cl A
935	FPI	Farmland Partners Inc
936	FPL	First Trust New Opportunities M
937	FR	First Industrial Realty Trust
938	FRA	Blackrock Floating Rate Income Fund
939	FRC	First Republic Bank
940	FRO	Frontline Ltd
941	FRT	Federal Realty Investment Trust
942	FRX	Forest Road Acquisition Corp Cl A
943	FSD	High Income Long Short Fund
944	FSK	FS KKR Capital Corp
945	FSKR	FS KKR Capital Corp II
946	FSLF	First Eagle Senior Loan Fund
947	FSLY	Fastly Inc
948	FSM	Fortuna Silver Mines
949	FSR	Fisker Inc
950	FSS	Federal Signal Corp
951	FST	Fast Acquisition Corp Cl A
952	FT	Franklin Universal Trust
953	FTAI	Fortress Transportation & Infra
954	FTCH	Farfetch Ltd Cl A
955	FTHY	First Trust High Yield Opportunities 2027 Term F
956	FTI	Technipfmc Plc
957	FTK	Flotek Industries
958	FTS	Fortis Inc
959	FTV	Fortive Corp
960	FUBO	Fubotv Inc
961	FUL	H. B. Fuller Company
962	FUN	Cedar Fair LP
963	FUSE	Fusion Acquisition Corp Cl A
964	FVRR	Fiverr International Ltd
965	FVT	Fortress Value Acquisition Corp. III Cl A
966	G	Genpact Ltd
967	GAB	Gabelli Equity Trust
968	GAM	General American Investors
969	GATO	Gatos Silver Inc
970	GATX	GATX Corp
971	GB	Global Blue Group Holding Ag
972	GBAB	Guggenheim Taxable Muni Bond Inv Grd Debt Trst
973	GBL	Gamco Investors
974	GBX	Greenbrier Companies
975	GCI	Gannett CO Inc
976	GCO	Genesco Inc
977	GCP	Gcp Applied Technologies Inc C
978	GCV	Gabelli Convertible and Income Securities
979	GD	General Dynamics Corp
980	GDDY	Godaddy Inc
981	GDL	The Gdl Fund
982	GDO	Western Asset Global Corporate Defined
983	GDOT	Green Dot Corp
984	GDV	Gabelli Dividend
985	GE	General Electric Company
986	GEF	Greif Bros. Corp
987	GEL	Genesis Energy LP
988	GEN	Genesis Healthcare Inc
989	GEO	Geo Group Inc
990	GER	Goldman Sachs MLP Energy Renai
991	GES	Guess Inc
992	GF	New Germany Fund
993	GFF	Griffon Corp
994	GFI	Gold Fields Ltd
995	GFL	Gfl Environmental Inc
996	GFLU	Gfl Environmental Inc Tangible Equity Units
997	GFX	Golden Falcon Acquisition Corp Cl A
998	GGB	Gerdau S.A.
999	GGG	Graco Inc
1000	GGM	Guggenheim Credit Allocation F
1001	GGT	Gabelli Global Multi-Media Trust
1002	GGZ	Gabelli Global Small and Mid CA
1003	GHC	Graham Holdings Company
1004	GHG	Greentree Hospitality Group Ltd ADR
1005	GHL	Greenhill & CO Inc
1006	GHLD	Guild Holdings Company Cl A
1007	GHM	Graham Corp
1008	GHY	Prudential Global Short Durati
1009	GIB	CGI Group
1010	GIK	Gigcapital3 Inc
1011	GIL	Gildan Activewear
1012	GIM	Templeton Global
1013	GIS	General Mills
1014	GIX	Gigcapital2 Inc
1015	GJH	Strats Sm Trust For United States Cellular Corp
1016	GJO	Strats Sm Trust For Wal-Mart Stores Inc Securiti
1017	GJP	Strats Sm Trust For Dominion Resources Inc Secur
1018	GJR	Strats Sm Trust For The Procter & Gamble CO Sec
1019	GJS	Strats Sm Trust For Goldman Sachs Group Securiti
1020	GJT	Strats Sm Trust For Allstate Corp Securities Ser
1021	GKOS	Glaukos Corp
1022	GL	Globe Life Inc
1023	GLEO	Galileo Acquisition Corp
1024	GLOB	Globant S.A.
1025	GLOG	Gaslog Ltd
1026	GLOP	Gaslog Partners LP
1027	GLP	Global Partners LP
1028	GLT	Glatfelter
1029	GLW	Corning Inc
1030	GM	General Motors Company
1031	GME	Gamestop Corp
1032	GMED	Globus Medical Inc
1033	GMRE	Global Medical REIT Inc
1034	GMS	Gms Inc
1035	GMTA	GATX Corp 5.625% Senior
1036	GNE	Genie Energy Ltd Cl B
1037	GNK	Genco Shipping & Trading Ltd
1038	GNL	Global Net Lease Inc
1039	GNPK	Genesis Park Acquisition Corp Cl A
1040	GNRC	Generac Holdings Inc
1041	GNT	Gabelli Natural Resources Gold
1042	GNW	Genworth Financial Inc
1043	GOAC	Go Acquisition Corp Cl A
1044	GOF	Claymore/Guggenheim Strategic Fund
1045	GOL	Gol Linhas Aereas Inteligentes S.A.
1046	GOLD	Barrick Gold Corp
1047	GOLF	Acushnet Holdings Corp
1048	GOOS	Canada Goose Holdings Inc
1049	GPC	Genuine Parts Company
1050	GPI	Group 1 Automotive
1051	GPJA	Georgia Power Company Series 2017A 5.00% Jr
1052	GPK	Graphic Packaging Holding Company
1053	GPM	Guggenheim Enhanced Equity
1054	GPMT	Granite Point Mortgage Trust Inc
1055	GPN	Global Payments Inc
1056	GPRK	Geopark Hlds Lmtd
1057	GPS	Gap Inc
1058	GPX	Gp Strategies Corp
1059	GRA	W.R. Grace & Company
1060	GRC	Gorman-Rupp Company
1061	GRUB	Grubhub Inc
1062	GRX	The Gabelli Healthcare & Wellness Trust
1063	GS	Goldman Sachs Group
1064	GSAH	GS Acquisition Holdings Corp II Cl A
1065	GSBD	Goldman Sachs Bdc Inc
1066	GSK	Glaxosmithkline Plc
1067	GSL	Global Ship Lease Inc
1068	GSLD	Global Ship Lease Inc 8.00% Senior Notes Due 20
1069	GSX	Gsx Techedu Inc ADR
1070	GTES	Gates Industrial Corp Plc
1071	GTLS	Chart Industries IN
1072	GTN	Gray Television
1073	GTS	Triple-S Management Corp
1074	GTT	Global Telcom & Technology Inc
1075	GTY	Getty Realty Corp
1076	GUT	Gabelli Utility Trust
1077	GVA	Granite Construction Inc
1078	GWB	Great Western Bancorp Inc
1079	GWRE	Guidewire Software Inc
1080	GWW	W.W. Grainger
1081	GYC	Corporate Asset Backed Corp Cabco
1082	H	Hyatt Hotels Corp
1083	HAE	Haemonetics Corp
1084	HAL	Halliburton Company
1085	HASI	Hannon Armstrong Sustainable IN
1086	HBB	Hamilton Beach Brands Holding Company Cl A
1087	HBI	Hanesbrands Inc
1088	HBM	Hudbay Minerals Inc
1089	HCA	Hca Holdings Inc
1090	HCC	Warrior Met Coal Inc
1091	HCHC	Hc2 Holdings Inc
1092	HCI	Homeowners Choice
1093	HCXY	Hercules Capital Inc 6.25% Notes Due 2033
1094	HCXZ	Hercules Capital Inc 5.25% Notes Due 2025
1095	HD	Home Depot
1096	HDB	Hdfc Bank Ltd
1097	HE	Hawaiian Electric Industries
1098	HEI	Heico Corp
1099	HEP	Holly Energy Partners LP
1100	HEQ	John Hancock Hedged Eqty & Inc
1101	HES	Hess Corp
1102	HESM	Hess Midstream Partners LP
1103	HEXO	Hexo Corp
1104	HFC	Hollyfrontier Corp
1105	HFRO	Highland Floating Rate Opportunities Fund
1106	HGH	The Hartford Financial Srvcs G
1107	HGLB	Highland Global Allocation Fund
1108	HGV	Hilton Grand Vacations Inc
1109	HHC	Howard Hughes Corp
1110	HI	Hillenbrand Inc
1111	HIE	Miller/Howard High Income Eqty
1112	HIG	Hartford Financial Services Group
1113	HIGA	H.I.G. Acquisition Corp Cl A
1114	HII	Huntington Ingalls Industries
1115	HIL	Hill International Inc
1116	HIMS	Hims & Hers Health Inc
1117	HIO	Western Asset High
1118	HIW	Highwoods Properties
1119	HIX	Western Asset High Income Fund II Inc
1120	HKIB	Amtd International Inc
1121	HL	Hecla Mining Company
1122	HLF	Herbalife Ltd
1123	HLI	Houlihan Lokey
1124	HLT	Hilton Inc
1125	HLX	Helix Energy Solutions Group
1126	HMC	Honda Motor Company
1127	HMI	Huami Corp ADR
1128	HMLP	Hoegh Lng Partners LP
1129	HMN	Horace Mann Educators Corp
1130	HMY	Harmony Gold Mining CO Ltd
1131	HNGR	Hanger Inc
1132	HNI	Hon Industries Inc
1133	HNP	Huaneng Power Intl
1134	HOG	Harley-Davidson Inc
1135	HOME	At Home Group Inc
1136	HON	Honeywell International Inc
1137	HOV	Hovnanian Enterprises Inc
1138	HP	Helmerich & Payne
1139	HPE	Hewlett Packard Enterprise Comp
1140	HPF	John Hancock Pfd II
1141	HPI	John Hancock Preferred
1142	HPP	Hudson Pacific Properties
1143	HPQ	HP Inc
1144	HPR	Highpoint Resources Corp
1145	HPS	John Hancock Preferred Income Fund III
1146	HPX	Hpx Corp Cl A
1147	HQH	Tekla Healthcare Investors
1148	HQL	Tekla Life Sciences Investors
1149	HR	Healthcare Realty Trust Inc
1150	HRB	H&R Block
1151	HRC	Hill-Rom Holdings Inc
1152	HRI	Herc Holdings Inc
1153	HRL	Hormel Foods Corp
1154	HRTG	Heritage Insurance Holdings
1155	HSBC	HSBC Holdings Plc
1156	HSC	Harsco Corp
1157	HSY	Hershey Foods Corp
1158	HT	Hersha Hospitality Trust
1159	HTA	Healthcare Trust of America
1160	HTD	John Hancock Tax Advantaged Dividend
1161	HTFA	Horizon Technology Finance 6.25% Notes Due 2022
1162	HTGC	Hercules Technology Growth Capital
1163	HTH	Hilltop Holdings Inc
1164	HTPA	Highland Transcend Partners I Corp Cl A
1165	HTY	John Hancock Tax-Advantaged Global
1166	HUBB	Hubbell Inc B
1167	HUBS	Hubspot Inc
1168	HUM	Humana Inc
1169	HUN	Huntsman Corp
1170	HUYA	Huya Inc
1171	HVT	Haverty Furniture Companies
1172	HWM	Howmet Aerospace Inc
1173	HXL	Hexcel Corp
1174	HY	Hyster-Yale Materials Handling
1175	HYB	New America High
1176	HYI	Western Asset High Yield Defined
1177	HYLN	Hyliion Hldg Corp Cl A
1178	HYT	Blackrock High Yield Fund VI Inc
1179	HZAC	Horizon Acquisition Corp Cl A
1180	HZN	Horizon Global Corp Comm
1181	HZO	Marinemax Inc
1182	HZON	Horizon Acquisition Corp II Cl A
1183	IAA	Iaa Inc
1184	IACA	ION Acquisition Corp 1 Ltd Cl A
1185	IAE	VOYA Asia Pacific High Dividend Equity
1186	IAG	Iamgold Corp
1187	IBA	Industrias Bachoco S.A. DE C.V.
1188	IBM	International Business Machines
1189	IBN	Icici Bank Ltd
1190	IBP	Installed Building Products
1191	ICD	Independence Contract Drilling Inc
1192	ICE	Intercontinental Exchange
1193	ICL	Israel Chemicals Ltd
1194	IDA	Idacorp Inc
1195	IDE	VOYA Infrastructure Industrial
1196	IDT	IDT Corp
1197	IEX	Idex Corp
1198	IFF	International Flavors & Fragrances
1199	IFFT	International Flavors & Fragrances Inc
1200	IFN	India Fund
1201	IFS	Intercorp Financial Services Inc
1202	IGA	VOYA Global Advantage and Premium
1203	IGD	VOYA Global Equity Dividend and Premium
1204	IGI	Western Asset Investment Grade Defined
1205	IGR	VOYA Clarion Global Real Estate
1206	IGT	International Game Technology
1207	IH	Ihuman Inc ADR
1208	IHC	Independence Holding Company
1209	IHD	VOYA Emerging Markets High Dividend
1210	IHG	Intercontinental Hotels Group
1211	IHIT	Invesco High Income 2023 Target Term Fund
1212	IHTA	Invesco High Income 2024 Target Term Fund
1213	IIAC	Investindustrial Acquisition Corp Cl A
1214	IID	VOYA International High Dividend Equity
1215	IIF	Morgan Stanley India Investment Fund Inc
1216	IIM	Invesco Insured Muni Income Trust
1217	IIPR	Innovative Industrial Properties
1218	IMAX	Imax Corp
1219	IMPX	Aea-Bridges Impact Corp Cl A
1220	INFO	IHS Markit Ltd
1221	INFY	Infosys Ltd
1222	ING	ING Groep N.V. ADR
1223	INGR	Ingredion Inc
1224	INN	Summit Hotel Properties
1225	INSI	Insight Select Income Fund
1226	INSP	Inspire Medical Systems Inc
1227	INSW	International Seaways Inc
1228	INT	World Fuel Services Corp
1229	INVH	Invitation Homes Inc
1230	IO	ION Geophysical Corp
1231	IP	International Paper Company
1232	IPG	Interpublic Group of Companies
1233	IPI	Intrepid Potash Inc
1234	IPOD	Social Capital Hedosophia Corp IV Cl A
1235	IPOE	Social Capital Hedosophia Corp V Cl A
1236	IPOF	Social Capital Hedosophia Corp VI Cl A
1237	IPV	Interprivate Acquisition Corp
1238	IQI	Invesco Quality Muni Income Trust
1239	IQV	Iqvia Holdings Inc
1240	IR	Ingersoll Rand Inc
1241	IRL	Irish Investment Fund
1242	IRM	Iron Mountain Inc
1243	IRR	VOYA Risk Managed Natural Resources Fund
1244	IRS	Irsa Inversiones Y Representaciones S.A.
1245	IRT	Independence Realty Trust Inc
1246	ISD	Prudential Short Duration High
1247	IT	Gartner Inc
1248	ITCB	Itau Corpbanca
1249	ITGR	Integer Holdings Corp
1250	ITT	ITT Inc
1251	ITUB	Itau Unibanco Banco Holding S.A.
1252	ITW	Illinois Tool Works Inc
1253	IVC	Invacare Corp
1254	IVH	Ivy High Income Opportunities
1255	IVR	Invesco Mortgage Capital Inc
1256	IVZ	Invesco Plc
1257	IX	Orix Corp ADR
1258	J	Jacobs Engineering Group Inc
1259	JAX	J. Alexander's Holdings Inc C
1260	JBGS	Jbg Smith Properties
1261	JBK	Lehman Abs Corp
1262	JBL	Jabil Circuit
1263	JBT	John Bean Technologies Corp
1264	JCE	Nuveen Core Equity Alpha Fund
1265	JCI	Johnson Controls Intl
1266	JCO	Nuveen Credit Opportunities 2022 Target Term Fun
1267	JDD	Nuveen Diversified Dividend and
1268	JE	Just Energy Group Inc
1269	JEF	Jefferies Financial Group Inc
1270	JELD	Jeld-Wen Holding Inc
1271	JEMD	Nuveen Emerging Markets Debt 2022 Target Term Fu
1272	JEQ	Japan Equity Fund
1273	JFR	Nuveen Floating Rate
1274	JGH	Nuveen Global High Income Fund
1275	JHAA	Nuveen High Income 2023 Target Term Fund
1276	JHB	Nuveen High Income November 2021 Target Term Fun
1277	JHG	Janus Henderson Group Plc
1278	JHI	John Hancock Investors Trust
1279	JHS	John Hancock Income Securities Trust
1280	JHX	James Hardie Industries Se
1281	JIH	Juniper Industrial Holdings Inc Cl A
1282	JILL	J. Jill Inc
1283	JKS	Jinkosolar Holding Company Ltd
1284	JLL	Jones Lang Lasalle Inc
1285	JLS	Nuveen Mortgage Opportunity Term Fund
1286	JMIA	Jumia Technologies Ag ADR
1287	JMM	Nuveen Multi-Market Income Fund Inc
1288	JMP	JMP Group Inc
1289	JNJ	Johnson & Johnson
1290	JNPR	Juniper Networks
1291	JOE	St. Joe Company
1292	JOF	Japan Smaller Capitalization Fund Inc
1293	JP	Jupai Holdings Ltd
1294	JPC	Nuveen Preferred and Convertible
1295	JPI	Nuveen Preferred and Income Term Fund
1296	JPM	JP Morgan Chase & Company
1297	JPS	Nuveen Quality Preferred 2
1298	JPT	Nuveen Preferred and Income 2022 Term Fund
1299	JQC	Nuveen Preferred and Convertible 2
1300	JRI	Nuveen Real Asset Income and Gr
1301	JRO	Nuveen Floating Rate Income Opportuntiy
1302	JRS	Nuveen Real Estate Fund
1303	JSD	Nuveen Short Duration Credit O
1304	JT	Jianpu Technology Inc
1305	JTA	Nuveen Tax-Advantaged Total Return
1306	JTD	Nuveen Tax-Advantaged Dividend Growth
1307	JWN	Nordstrom
1308	JWS	Jaws Acquisition Corp Cl A.
1309	K	Kellogg Company
1310	KAI	Kadant Inc
1311	KAMN	Kaman Corp
1312	KAR	Kar Auction Services Inc
1313	KB	KB Financial Group Inc
1314	KBH	KB Home
1315	KBR	KBR Inc
1316	KEN	Kenon Holdings Ltd
1317	KEP	Korea Electric Power Corp
1318	KEX	Kirby Corp
1319	KEY	Keycorp
1320	KEYS	Keysight Technologies Inc Comm
1321	KF	Korea Fund
1322	KFS	Kingsway Financial Services
1323	KFY	Korn/Ferry International
1324	KGC	Kinross Gold Corp
1325	KIM	Kimco Realty Corp
1326	KIO	KKR Income Opportunities Fund
1327	KKR	KKR & CO LP
1328	KL	Kirkland Lake Gold Ltd
1329	KMB	Kimberly-Clark Corp
1330	KMF	Kayne Anderson Midstream Energy Fund
1331	KMI	Kinder Morgan
1332	KMPR	Kemper Corp
1333	KMT	Kennametal Inc
1334	KMX	Carmax Inc
1335	KN	Knowles Corp
1336	KNL	Knoll Inc
1337	KNOP	Knot Offshore Partners LP
1338	KNX	Knight-Swift Transporation Inc
1339	KO	Coca-Cola Company
1340	KODK	Eastman Kodak
1341	KOF	Coca Cola Femsa S.A.B. DE C.V.
1342	KOP	Koppers Holdings Inc
1343	KOS	Kosmos Energy Ltd
1344	KR	Kroger Company
1345	KRA	Kraton Performance Polymers Inc
1346	KRC	Kilroy Realty Corp
1347	KREF	KKR Real Estate Finance Trust Inc
1348	KRG	Kite Realty Group Trust
1349	KRO	Kronos Worldwide Inc
1350	KRP	Kimbell Royalty Partners
1351	KSM	Scudder Strategic Municiple Income Trust
1352	KSS	Kohl's Corp
1353	KSU	Kansas City Southern
1354	KSU.P	Kansas City Southern [Ksu/P]
1355	KT	Korea Telecom Corp
1356	KTB	Kontoor Brands Inc [Ktb/I]
1357	KTF	Scudder Municiple Income Trust
1358	KTH	Lehman Abs Corp
1359	KTN	Lehman Abs Corp
1360	KUKE	Kuke Music Holding Limited ADR
1361	KW	Kennedy-Wilson Holdings Inc
1362	KWAC	Kingswood Acquisition Corp Cl A
1363	KWR	Quaker Chemical Corp
1364	KYN	Kayne Anderson MLP Investment Company
1365	L	Loews Corp
1366	LAC	Lithium Americas Corp
1367	LAD	Lithia Motors
1368	LADR	Ladder Capital Corp
1369	LAIX	Laix Inc ADR
1370	LAZ	Lazard Ltd
1371	LB	L Brands Inc
1372	LBRT	Liberty Oilfield Services Inc
1373	LC	Lendingclub Corp
1374	LCI	Lannett CO Inc
1375	LCII	Lci Industries
1376	LDI	Loandepot Inc Cl A
1377	LDL	Lydall Inc
1378	LDOS	Leidos Holdings Inc
1379	LDP	Cohen & Steers Ltd Duration Prfd Income Fund
1380	LEA	Lear Corp
1381	LEAF	Leaf Group Ltd
1382	LEAP	Ribbit Leap Ltd Cl A
1383	LEE	Lee Enterprises Inc
1384	LEG	Leggett & Platt Inc
1385	LEJU	Leju Holdings Ltd
1386	LEN	Lennar Corp
1387	LEO	Dreyfus Strategic Municipals
1388	LEVI	Levi Strauss & CO Cl A
1389	LFC	China Life Insurance Company Ltd
1390	LFT	Lument Finance Trust Inc
1391	LGF.B	Lions Gate Entertainment Corp Cl B
1392	LGI	Lazard Global Total Return and
1393	LGVW	Longview Acquisition Corp Cl A
1394	LH	Laboratory Corp of America Holdings
1395	LHX	L3Harris Technologies Inc
1396	LII	Lennox International
1397	LIN	Linde Plc
1398	LINX	Linx S.A. ADR
1399	LITB	Lightinthebox Holding CO Ltd
1400	LL	Lumber Liquidators Holdings Inc
1401	LLY	Eli Lilly and Company
1402	LMND	Lemonade Inc
1403	LMT	Lockheed Martin Corp
1404	LNC	Lincoln National Corp
1405	LND	Brasilagro ADR
1406	LNFA	L&F Acquisition Corp Cl A
1407	LNN	Lindsay Corp
1408	LOKB	Live Oak Acquisition Corp. II Cl A
1409	LOMA	Loma Negra Comp Indu Argentina Sociedad ADR
1410	LOW	Lowe's Companies
1411	LPG	Dorian Lpg Ltd
1412	LPI	Laredo Petroleum Holdings Inc
1413	LPL	Lg Display CO Ltd
1414	LPX	Louisiana-Pacific Corp
1415	LRN	Stride Inc
1416	LSI	Life Storage
1417	LSPD	Lightspeed Pos Inc
1418	LTC	Ltc Properties
1419	LTHM	Livent Corp
1420	LU	Lufax Holding Ltd ADR
1421	LUB	Luby's Inc
1422	LUMN	Centurylink
1423	LUV	Southwest Airlines Company
1424	LVS	Las Vegas Sands
1425	LW	Lamb Weston Holdings Inc
1426	LXFR	Luxfer Holdings Plc
1427	LXP	Lexington Realty Trust
1428	LXU	Lsb Industries Inc
1429	LYB	Lyondellbasell Industries NV
1430	LYG	Lloyds Banking Group Plc
1431	LYV	Live Nation Entertainment
1432	LZB	La-Z-Boy Inc
1433	M	Macy's Inc
1434	MA	Mastercard Inc
1435	MAA	Mid-America Apartment Communities
1436	MAC	Macerich Company
1437	MAIN	Main Street Capital Corp
1438	MAN	Manpower Inc
1439	MANU	Manchester United Ltd
1440	MAS	Masco Corp
1441	MATX	Matson Inc
1442	MAV	Pioneer Muni High Income Advantage Trust
1443	MAX	Mediaalpha Inc Cl A
1444	MAXR	Maxar Technologies Ltd
1445	MBI	MBIA Inc
1446	MBT	Mobile Telesystems
1447	MC	Moelis
1448	MCA	Blackrock Muniyield California Insured Fund
1449	MCB	Metropolitan Bank Holding Corp
1450	MCD	McDonald's Corp
1451	MCI	Massmutual Corporate Investors
1452	MCK	Mckesson Corp
1453	MCN	Madison/Claymore Covered Call & Equity Strategy
1454	MCO	Moody's Corp
1455	MCR	MFS Charter Income Trust
1456	MCS	Marcus Corp
1457	MCY	Mercury General Corp
1458	MD	Mednax Inc
1459	MDC	M.D.C. Holdings
1460	MDLA	Medallia Inc
1461	MDLQ	Medley Llc 7.25% Notes Due 2024
1462	MDLX	Medley Llc
1463	MDLY	Medley Management Inc
1464	MDP	Meredith Corp
1465	MDT	Medtronic Inc
1466	MDU	Mdu Res Group Inc
1467	MEC	Mayville Engineering Company Inc
1468	MED	Medifast Inc
1469	MEG	Montrose Environmental Group Inc
1470	MEI	Methode Electronics
1471	MEN	Blackrock Munienhanced Fund
1472	MET	Metlife Inc
1473	MFA	MFA Financial Inc
1474	MFC	Manulife Financial Corp
1475	MFD	Macquarie/First Trust Global
1476	MFG	Mizuho Financial Group
1477	MFGP	Micro Focus Intl Plc
1478	MFL	Blackrock Muniholdings Investment Quality Fund
1479	MFM	MFS Muni Income Trust
1480	MFT	Blackrock Muniyield Investment Qualityfund
1481	MFV	MFS Special Value Trust
1482	MG	Mistras Group Inc
1483	MGA	Magna International
1484	MGF	MFS Government Markets Income Trust
1485	MGM	MGM Resorts International
1486	MGP	MGM Growth Properties Llc
1487	MGR	Affiliated Managers Group Inc
1488	MGRB	Affiliated Managers Group Inc 4.750% Junior Sub
1489	MGU	Macquarie Global Infrastructure Total Return Fun
1490	MGY	Magnolia Oil & Gas Corp
1491	MH-D	Maiden Holdings Ltd [Mh/Pd]
1492	MHD	Blackrock Muniholdings Fund
1493	MHE	Massachusetts Health and Education Tax-Exempt TR
1494	MHF	Western Asset Muni High
1495	MHI	Pioneer Muni High Income Trust
1496	MHK	Mohawk Industries
1497	MHLA	Maiden Holdings Ltd 6.625% No
1498	MHN	Blackrock Muniholdings New York Quality Fund
1499	MHNC	Maiden Holdings North America
1500	MHO	M/I Homes
1501	MIC	Macquarie Infrastructure Company Trust
1502	MIE	Cohen & Steers MLP Income and
1503	MIN	MFS Intermediate Income Trust
1504	MITT	Ag Mortgage Investment Trust
1505	MIXT	Mix Telematics Ltd
1506	MIY	Blackrock Muniyield Michigan Quality Fund
1507	MKC	Mccormick & Company Inc
1508	MKL	Markel Corp
1509	MLI	Mueller Industries
1510	MLM	Martin Marietta Materials
1511	MLP	Maui Land & Pineapple Company
1512	MLR	Miller Industries
1513	MMC	Marsh & Mclennan Companies
1514	MMD	Mainstay Defined Muni Opp Fund
1515	MMI	Marcus & Millichap
1516	MMM	3M Company
1517	MMP	Magellan Midstream Partners LP
1518	MMS	Maximus Inc
1519	MMT	MFS Multimarket Income Trust
1520	MMU	Western Asset Managed Municipals Fund
1521	MN	Manning & Napier Inc
1522	MNP	Western Asset Muni Partners Fund
1523	MNR	Monmouth Real Estate Investment Corp
1524	MNRL	Brigham Minerals Inc
1525	MNSO	Miniso Group Holding Ltd ADR
1526	MO	Altria Group
1527	MOD	Modine Manufacturing Company
1528	MODN	Model N Inc
1529	MOGU	Mogu Inc ADR
1530	MOH	Molina Healthcare Inc
1531	MOS	Mosaic Company
1532	MOTV	Motive Capital Corp Cl A
1533	MOV	Movado Group Inc
1534	MP	Mp Materials Corp
1535	MPA	Blackrock Muniyield Pennsylvania Quality Fund
1536	MPC	Marathon Petroleum Corp
1537	MPLN	Multiplan Corp
1538	MPLX	Mplx LP
1539	MPV	Massmutual Participation Investors
1540	MPW	Medical Properties Trust
1541	MPX	Marine Products Corp
1542	MQT	Blackrock Muniyield Quality Fund II
1543	MQY	Blackrock Muniyield Quality Fund
1544	MRC	Mrc Global Inc
1545	MRK	Merck & Company
1546	MRO	Marathon Oil Corp
1547	MS	Morgan Stanley
1548	MSA	Msa Safety Inc
1549	MSB	Mesabi Trust
1550	MSC	Studio City Intl Holdings Ltd ADR
1551	MSCI	MSCI Inc
1552	MSD	Morgan Stanley Emerging Markets Debt
1553	MSGE	Madison Square Garden Entertainment Corp
1554	MSGN	Msg Networks Inc
1555	MSGS	Madison Square Garden Sports Corp
1556	MSI	Motorola Solutions
1557	MSM	Msc Industrial Direct Company
1558	MSP	Datto Holding Corp
1559	MT	Arcelormittal
1560	MTB	M&T Bank Corp
1561	MTCN	Arcelormittal 5.50% Mandatorily
1562	MTD	Mettler-Toledo International
1563	MTDR	Matador Resources Company
1564	MTG	Mgic Investment Corp
1565	MTH	Meritage Corp
1566	MTL	Mechel Oao
1567	MTL.P	Mechel Pao [Mtl/P]
1568	MTN	Vail Resorts
1569	MTOR	Meritor Inc
1570	MTR	Mesa Royalty Trust
1571	MTRN	Materion Corp
1572	MTT	Western Asset Muni Defined Opportunity Trust Inc
1573	MTW	Manitowoc Company
1574	MTX	Minerals Technologies Inc
1575	MTZ	Mastec Inc
1576	MUA	Blackrock Muniassets Fund
1577	MUC	Blackrock Muniholdings California Quality Fund
1578	MUE	Blackrock Muniholdings Quality Fund II
1579	MUFG	Mitsubishi Ufj Financial Group Inc
1580	MUH	Blackrock Muniholdings Fund II
1581	MUI	Blackrock Muni Intermediate Duration Fund Inc
1582	MUJ	Blackrock Muniholdings New Jersey Insured Fund
1583	MUR	Murphy Oil Corp
1584	MUS	Blackrock Muniholdings Quality Fund
1585	MUSA	Murphy USA Inc
1586	MUX	Mcewen Mining Inc
1587	MVF	Munivest Fund
1588	MVO	Mv Oil Trust
1589	MVT	Blackrock Munivest Fund II
1590	MWA	Mueller Water Products
1591	MX	Magnachip Semiconductor Corp
1592	MXE	Mexico Equity and
1593	MXF	Mexico Fund
1594	MXL	Maxlinear Inc
1595	MYC	Blackrock Muniyield California Fund
1596	MYD	Blackrock Muniyield Fund
1597	MYE	Myers Industries
1598	MYF	Blackrock Muniyield Investment Fund
1599	MYI	Blackrock Muniyield Quality Fund III
1600	MYJ	Blackrock Muniyield New Jersey Fund
1601	MYN	Blackrock Muniyield New York Quality Fund
1602	MYOV	Myovant Sciences Ltd
1603	MYTE	Myt Netherlands Parent B.V. ADR
1604	MZA	Muniyield Arizona Fund
1605	NAC	Nuveen California Divadv Fund
1606	NAD	Nuveen Divadv Fund
1607	NAN	Nuveen New York Divadv Fund
1608	NAT	Nordic American Tanker Shipping Ltd
1609	NAV	Navistar International Corp
1610	NAZ	Nuveen Arizona Premium Fund
1611	NBB	Nuveen Build America Bond Fund
1612	NBHC	National Bank Holdings Corp
1613	NBR	Nabors Industries
1614	NC	Nacco Industries
1615	NCA	Nuveen California Muni Value Fund
1616	NCB	Nuveen California Muni Value Fund 2
1617	NCLH	Norwegian Cruise Ord
1618	NCR	NCR Corp
1619	NCV	Virtus Allianzgi Convertible & Income Fund
1620	NCZ	Virtus Allianzgi Convertible & Income Fund II
1621	NDMO	Nuveen Dynamic Municipal Opportunities Fund Comm
1622	NDP	Tortoise Energy Independence F
1623	NEA	Nuveen Insured Tax-Free Advantage Fund
1624	NEE	Nextera Energy
1625	NEM	Newmont Mining Corp
1626	NEP	Nextera Energy Partners LP
1627	NET	Cloudflare Inc Cl A
1628	NETI	Eneti Inc
1629	NEU	Newmarket Corp
1630	NEV	Nuveen Enhanced Muni Value Fund
1631	NEW	Puxin Ltd
1632	NEWR	New Relic Inc
1633	NEX	Nextier Oilfield Solutions Inc
1634	NEXA	Nexa Resources S.A.
1635	NFG	National Fuel Gas Company
1636	NFH	New Frontier Health Corp
1637	NFJ	Virtus Dividend Interest & Premium Strategy
1638	NGA	Northern Genesis Acquisition Corp
1639	NGG	National Grid Transco Plc
1640	NGL	Ngl Energy Partners LP
1641	NGS	Natural Gas Services Group
1642	NGVC	Natural Grocers By Vitamin Cottage Inc
1643	NGVT	Ingevity Corp
1644	NHA	Nuveen Municipal
1645	NHF	Nexpoint Strategic Opportunities Fund
1646	NHI	National Health Investors
1647	NI	NiSource Inc
1648	NID	Nuveen Intermediate Duration M
1649	NIE	Virtus Allianzgi Equity & Convertible Income
1650	NIM	Nuveen Maturities Fund
1651	NINE	Nine Energy Service Inc
1652	NIO	Nio Inc
1653	NIQ	Nuveen Intermediate Duration Q
1654	NJR	Newjersey Resources Corp
1655	NJV	Nuveen New Jersey Muni Value Fund
1656	NKE	Nike Inc
1657	NKG	Nuveen Georgia Divadv Fund 2
1658	NKX	Nuveen Insured California Tax-Free
1659	NL	NL Industries
1660	NLS	Nautilus Group
1661	NLSN	Nielsen Holdings Plc
1662	NLY	Annaly Capital Management Inc
1663	NM	Navios Maritime Holdings Inc
1664	NMCO	Nuveen Municipal Credit Opportunities Fund
1665	NMI	Nuveen Muni
1666	NMM	Navios Maritime Partners LP
1667	NMR	Nomura Holdings Inc ADR
1668	NMS	Nuveen Minnesota Municipal Inco
1669	NMT	Nuveen Massachusetts Premium Fund
1670	NMY	Nuveen Maryland Premium Fund
1671	NMZ	Nuveen Muni High Income Opportunity
1672	NNA	Navios Maritime Acquisition Corp
1673	NNI	Nelnet Inc
1674	NNN	National Retail Properties
1675	NNY	Nuveen New York Muni Value Fund
1676	NOA	North American Construction Group Ltd.
1677	NOAH	Noah Holdings Ltd
1678	NOC	Northrop Grumman Corp
1679	NOK	Nokia Corp
1680	NOM	Nuveen Missouri Premium Fund
1681	NOMD	Nomad Foods Ltd
1682	NOV	Nov Inc
1683	NOVA	Sunnova Energy International Inc
1684	NOW	Servicenow Inc
1685	NP	Neenah Paper
1686	NPK	National Presto Industries
1687	NPN	Nuveen Pennsylvania Muni Value Fund
1688	NPO	Enpro Industries
1689	NPTN	Neophotonics Corp
1690	NPV	Nuveen Virginia Premium Fund
1691	NQP	Nuveen Pennsylvania Investment
1692	NR	Newpark Resources
1693	NREF	Nexpoint Real Estate Finance Inc
1694	NRG	NRG Energy
1695	NRGX	Neurologix Inc
1696	NRK	Nuveen Insured New York Tax-Free
1697	NRP	Natural Resource Partners LP
1698	NRT	North European Oil Royality Trust
1699	NRUC	National Rural Utilities Coop Finance Corp 5.500
1700	NRZ	New Residential Investment Corp
1701	NS	Nustar Energy LP
1702	NSA	National Storage Affiliates Tru
1703	NSC	Norfolk Southern Corp
1704	NSCO	Nesco Holdings Inc
1705	NSH	Navsight Holdings Inc Cl A
1706	NSL	Nuveen Senior
1707	NSP	Insperity Inc
1708	NSS	Nustar Logistics LP
1709	NSTB	Northern Star Investment Corp. II Cl A
1710	NTB	Bank of Butterfield Ltd
1711	NTCO	Natura &Co Holding S.A. ADR
1712	NTG	Tortoise MLP Fund
1713	NTP	Nam Tai Electronics
1714	NTR	Nutrien Ltd
1715	NTST	Netstreit Corp
1716	NTZ	Natuzzi S.P.A.
1717	NUE	Nucor Corp
1718	NUM	Nuveen Michigan Quality
1719	NUO	Nuveen Ohio Quality
1720	NUS	Nu Skin Enterprises
1721	NUV	Nuveen Muni Value Fund
1722	NUVB	Nuvation Bio Inc
1723	NUW	Nuveen Muni Value Fund
1724	NVG	Nuveen Insured Divadv Fund
1725	NVGS	Navigator Holdings
1726	NVO	Novo Nordisk A/S
1727	NVR	NVR Inc
1728	NVRO	Nevro Corp
1729	NVS	Novartis Ag
1730	NVST	Envista Holdings Corp
1731	NVT	Nvent Electric Plc
1732	NVTA	Invitae Corp
1733	NWG	Natwest Group Plc
1734	NWHM	New Home CO Llc
1735	NWN	Northwest Natural Gas Company
1736	NX	Quanex Building Products Corp
1737	NXC	Nuveen California Tax-Free Income
1738	NXJ	Nuveen New Jersey Divadv Fund
1739	NXN	Nuveen Insured New York Tax-Free
1740	NXP	Nuveen Tax Free Income Portfolio
1741	NXQ	Nuveen Tax Free Income Portfolio II
1742	NXR	Nuveen Tax Free Income Portfolio III
1743	NXRT	Nexpoint Residential Trust Inc
1744	NYC	New York City REIT Inc Cl A
1745	NYCB	New York Community Bancorp
1746	NYT	New York Times Company
1747	NYV	Nuveen New York Muni Value Fund 2
1748	NZF	Nuveen Divadv Fund 3
1749	O	Realty Income Corp
1750	OACB	Oaktree Acquisition Corp II Cl A
1751	OC	Owens Corning Inc
1752	OCA	Omnichannel Acquisition Corp Cl A
1753	OCFT	Oneconnect Financial Technology CO Ltd America
1754	OCN	Ocwen Financial Corp
1755	ODC	Oil-Dri Corp of America
1756	OEC	Orion Engineered Carbons S.A R
1757	OFC	Corporate Office Properties
1758	OFG	OFG Bancorp
1759	OGE	Oge Energy Corp
1760	OGS	One Gas Inc
1761	OHI	Omega Healthcare Investors
1762	OI	Owens-Illinois
1763	OIA	Invesco Muni Income Trust
1764	OII	Oceaneering International
1765	OIS	Oil States International
1766	OKE	Oneok Inc
1767	OLN	Olin Corp
1768	OLP	One Liberty Properties
1769	OMC	Omnicom Group Inc
1770	OMF	Onemain Holdings Inc
1771	OMI	Owens & Minor
1772	ONE	Onesmart International Education Group Ltd A
1773	ONTF	On24 Inc
1774	ONTO	Onto Innovation Inc
1775	OOMA	Ooma Inc
1776	OPP	Rivernorth/Doubleline Strategic Opportunity Fund
1777	OPY	Oppenheimer Holdings
1778	OR	Osisko Gold Royalties Ltd
1779	ORA	Ormat Technologies
1780	ORAN	Orange ADR
1781	ORC	Orchid Island Capital Inc
1782	ORCC	Owl Rock Capital Corp
1783	ORCL	Oracle Corp
1784	ORI	Old Republic International Corp
1785	ORN	Orion Group Holdings Inc
1786	OSG	Overseas Shipholding Group Inc
1787	OSH	Oak Street Health Inc
1788	OSK	Oshkosh Truck Corp
1789	OTIS	Otis Worldwide Corp [Otis/I]
1790	OUT	Outfront Media Inc
1791	OVV	Ovintiv Inc
1792	OXM	Oxford Industries
1793	OXY	Occidental Petroleum Corp
1794	PAC	Grupo Aeroportuario Del Pacifico
1795	PACE	Tpg Pace Tech Opportunities Corp Cl A
1796	PACK	Ranpak Holdings Corp
1797	PAG	Penske Automotive Group
1798	PAGS	Pagseguro Digital Ltd Cl A
1799	PAI	Pacific American Income Shares
1800	PAM	Pampa Energia S.A.
1801	PANA	Panacea Acquisition Corp Cl A
1802	PANW	Palo Alto Networks Inc
1803	PAR	Par Technology Corp
1804	PARR	Par Petroleum Corp
1805	PAYC	Paycom Software Inc
1806	PB	Prosperity Bancshares
1807	PBA	Pembina Pipeline Cor
1808	PBB	Prospect Capital Corp
1809	PBC	Prospect Capital Corp 6.875% Notes Due 20
1810	PBF	PBF Energy Inc
1811	PBFX	PBF Logistics LP
1812	PBH	Prestige Brand Holdings
1813	PBI	Pitney Bowes Inc
1814	PBR	Petroleo Brasileiro S.A. Petrobras
1815	PBT	Permian Basin Royalty Trust
1816	PBY	Prospect Capital Corp 6.25% Notes Due 202
1817	PCF	Putnam High Income Bond Fund
1818	PCG	Pacific Gas & Electric Company
1819	PCGU	PG&E Corp
1820	PCI	Pimco Dynamic Credit Income Fun
1821	PCK	Pimco California Muni II
1822	PCM	Pimco Commercial Mortgage Securities
1823	PCN	Pimco Corporate
1824	PCPC	Periphas Capital Partnering Corporation Cl A
1825	PCPL	CC Neuberger Principal Holdings I Cl A
1826	PCQ	Pimco California Muni
1827	PD	Pagerduty Inc
1828	PDAC	Peridot Acquisition Corp Cl A
1829	PDI	Pimco Dynamic Income Fund
1830	PDM	Piedmont Office Realty Trust
1831	PDO	Pimco Dynamic Income Opportunities Fund
1832	PDS	Precision Drilling Corp
1833	PDT	John Hancock Premium Dividend Fund
1834	PEAK	Healthpeak Properties Inc
1835	PEB	Pebblebrook Hotel Trust
1836	PEG	Public Service Enterprise Group Inc
1837	PEI	Pennsylvania Real Estate Investment
1838	PEN	Penumbra Inc
1839	PEO	Adams Natural Resources Fund Inc
1840	PFD	Flaherty & Crumrine Preferred Inc
1841	PFE	Pfizer Inc
1842	PFGC	Performance Food Group Company
1843	PFH	Prudential Financial Inc 4.125% Junior
1844	PFL	Pimco Income Strategy Fund
1845	PFN	Pimco Income Strategy Fund II
1846	PFO	Flaherty & Crumrine Preferred Fund
1847	PFS	Provident Financial Services
1848	PFSI	Pennymac Financial Services IN
1849	PG	Procter & Gamble Company
1850	PGP	Pimco Global Stocksplus & Income
1851	PGR	Progressive Corp
1852	PGRE	Paramount Group Inc
1853	PGTI	Pgt Inc
1854	PGZ	Principal Real Estate Income F
1855	PH	Parker-Hannifin Corp
1856	PHD	Pioneer Floating Rate Trust
1857	PHG	Koninklijke Philips Electronics
1858	PHI	Philippine Long Distance Telephone
1859	PHK	Pimco High Income Fund
1860	PHM	Pultegroup
1861	PHR	Phreesia Inc
1862	PHT	Pioneer High Income Trust
1863	PHX	Phx Minerals Inc
1864	PIAI	Prime Impact Acquisition I Cl A
1865	PII	Polaris Industries Inc
1866	PIM	Putnam Master Intermediate Income
1867	PINE	Alpine Income Property Trust Inc
1868	PING	Ping Identity Holding Corp
1869	PINS	Pinterest Inc
1870	PIPP	Pine Island Acquisition Corp Cl A
1871	PIPR	Piper Jaffray Companies
1872	PJT	Pjt Partners Inc Cl A
1873	PK	Park Hotels & Resorts Inc
1874	PKE	Park Electrochemical Corp
1875	PKG	Packaging Corp of America
1876	PKI	Perkinelmer
1877	PKO	Pimco Income Opportunity Fund
1878	PKX	Posco ADR
1879	PLAN	Anaplan Inc
1880	PLD	Prologis Inc
1881	PLNT	Planet Fitness
1882	PLOW	Douglas Dynamics
1883	PLT	Plantronics
1884	PLTR	Palantir Technologies Inc Cl A
1885	PLYM	Plymouth Industrial REIT Inc
1886	PM	Philip Morris International Inc
1887	PMF	Pimco Muni
1888	PML	Pimco Muni II
1889	PMM	Putnam Managed Muni Income Trust
1890	PMO	Putnam Muni Opportunities Trust
1891	PMT	Pennymac Mortgage Investment Trust
1892	PMVC	Pmv Consumer Acquisition Corp Cl A
1893	PMX	Pimco Muni Income Fund III
1894	PNC	PNC Bank
1895	PNF	Pimco New York Muni
1896	PNI	Pimco New York Muni II
1897	PNM	PNM Resources Inc
1898	PNR	Pentair Ltd
1899	PNW	Pinnacle West Capital Corp
1900	POR	Portland General Electric Company
1901	POST	Post Holdings Inc
1902	PPG	PPG Industries
1903	PPL	PPL Corp
1904	PPR	VOYA Prime Rate Trust
1905	PPT	Putnam Premier Income Trust
1906	PPX	PPL Capital Funding Inc
1907	PQG	Pq Group Holdings Inc
1908	PRA	Pro-Assurance Corp
1909	PRG	Prog Hldgs Inc
1910	PRGO	Perrigo Company
1911	PRI	Primerica Inc
1912	PRLB	Proto Labs Inc
1913	PRMW	Primo Water Corp
1914	PRO	Pros Holdings
1915	PROS	Prosight Global Inc
1916	PRPB	CC Neuberger Principal Holdings II Cl A
1917	PRS	Prudential Financial Inc 5.625% Junior
1918	PRSP	Perspecta Inc
1919	PRT	Permrock Royalty Trust Trust Units
1920	PRTY	Party City Holdco Inc
1921	PRU	Prudential Financial Inc
1922	PSA	Public Storage
1923	PSB	Business Parks
1924	PSF	Cohen & Steers Preferred Fund
1925	PSN	Parsons Corp
1926	PSO	Pearson Plc
1927	PSTG	Pure Storage Inc
1928	PSTH	Pershing Square Tontine Hldgs Cl A
1929	PSTL	Postal Realty Trust Cl A
1930	PSX	Phillips 66
1931	PSXP	Phillips 66 Partners LP
1932	PTA	Cohen & Steers Tax-Advantaged Preferred Securiti
1933	PTR	Petrochina Company Ltd
1934	PTY	Pimco Corporate Opportunity Fund
1935	PUK	Prudential Public Ltd Company
1936	PUMP	Propetro Holding Corp
1937	PVG	Pretium Res Inc
1938	PVH	Phillips-Van Heusen Corp
1939	PVL	Permianville Royalty Trust
1940	PWR	Quanta Services
1941	PXD	Pioneer Natural Resources Company
1942	PYN	Pimco New York Muni Income Fund III
1943	PYS	Pplus Trust
1944	PYT	Pplus Trust
1945	PZC	Pimco California Muni Income Fund III
1946	PZN	Pzena Investment Management Inc
1947	QD	Qudian Inc ADR
1948	QEP	Qep Resources
1949	QGEN	Qiagen N.V.
1950	QS	Quantumscape Corp
1951	QSR	Restaurant Brands International
1952	QTS	Qts Realty Trust Inc
1953	QTWO	Q2 Holdings Inc
1954	QUAD	Quad Graphics Inc
1955	QUOT	Quotient Technology Inc
1956	QVCC	Qvc Inc 6.250% Senior Secured Notes Due 2068
1957	QVCD	Qvc Inc 6.375% Senior Secured Notes Due 2067
1958	R	Ryder System
1959	RA	Brookfield Real Assets Income Fund Inc
1960	RAAS	Cloopen Group Holding Limited ADR
1961	RACE	Ferrari N.V.
1962	RAD	Rite Aid Corp
1963	RAMP	Liveramp Holdings Inc
1964	RBA	Ritchie Bros. Auctioneers Inc
1965	RBAC	Redball Acquisition Corp Cl A
1966	RBC	Regal-Beloit Corp
1967	RC	Ready Capital Corp
1968	RCA	Ready Capital Corp 7.00%
1969	RCB	Ready Capital Corp 6.20% Senior Notes Due
1970	RCC	Ready Capital Corporation 5.75%
1971	RCI	Rogers Communication
1972	RCL	Royal Caribbean Cruises Ltd
1973	RCP	Ready Capital Corp 6.50% Series
1974	RCS	Rcm Strategic Global Government Fund
1975	RCUS	Arcus Biosciences Inc
1976	RDN	Radian Group Inc
1977	RDY	Dr. Reddy's Laboratories Ltd
1978	RE	Everest Re Group
1979	RELX	Relx Plc
1980	RENN	Renren Inc
1981	RES	RPC Inc
1982	REV	Revlon Inc
1983	REVG	Rev Group Inc
1984	REX	Rex American Resources Corp
1985	REXR	Rexford Industrial Realty Inc
1986	REZI	Resideo Technologies Inc
1987	RF	Regions Financial Corp
1988	RFI	Cohen & Steers Total Return Realty Fund
1989	RFL	Rafael Holdings Inc
1990	RFM	Rivernorth Flexible Municipal Income Fund Inc
1991	RFMZ	Rivernorth Flexible Municipal Income Fund II Inc
1992	RFP	Resolute Forest Products Inc
1993	RGA	Reinsurance Group of America Inc
1994	RGR	Sturm Ruger & Company
1995	RGS	Regis Corp
1996	RGT	Royce Global Value Trust Inc
1997	RH	Restoration Hardware Holdings
1998	RHI	Robert Half International Inc
1999	RHP	Ryman Hospitality Properties REIT
2000	RICE	Rice Acquisition Corp Cl A
2001	RIG	Transocean Inc
2002	RIO	Rio Tinto Plc
2003	RIV	Rivernorth Opportunities Fund
2004	RJF	Raymond James Financial
2005	RKT	Rocket Companies Inc Cl A
2006	RL	Ralph Lauren Corp
2007	RLGY	Realogy Holdings Corp
2008	RLH	Red Lion Hotels Corp
2009	RLI	Rli Corp
2010	RLJ	Rlj Lodging Trust
2011	RLX	Rlx Technology Inc ADR
2012	RM	Regional Managment Corp
2013	RMAX	Re/Max Holdings Inc
2014	RMD	Resmed Inc
2015	RMI	Rivernorth Opportunistic Municipal Income Fund
2016	RMM	Rivernorth Managed Duration Municipal Income Fun
2017	RMO	Romeo Power Inc
2018	RMT	Royce Micro-Cap Trust
2019	RNG	Ringcentral Inc
2020	RNGR	Ranger Energy Services Inc Cl A
2021	RNP	Cohen & Steers REIT and Preferred
2022	RNR	Renaissancere Holdings Ltd
2023	ROG	Rogers Corp
2024	ROK	Rockwell Automation Inc
2025	ROL	Rollins Inc
2026	ROP	Roper Industries
2027	RPAI	Retail Properties of America
2028	RPLA	Replay Acquisition Corp
2029	RPM	RPM International Inc
2030	RPT	Ramco-Gershenson Properties Trust
2031	RQI	Cohen & Steers Quality Income Realty Fund Inc
2032	RRC	Range Resources Corp
2033	RRD	Donnelley R.R. & Sons Company
2034	RS	Reliance Steel & Aluminum Company
2035	RSF	Rivernorth Marketplace Lending Corp
2036	RSG	Republic Services
2037	RSI	Rush Street Interactive Inc
2038	RTP	Reinvent Technology Partners Cl A
2039	RTPZ	Reinvent Technology Partners Z Cl A
2040	RTX	Raytheon Technologies Corp
2041	RVI	Retail Value Inc
2042	RVLV	Revolve Group Inc
2043	RVT	Royce Value Trust
2044	RWT	Redwood Trust
2045	RXN	Rexnord Corp
2046	RY	Royal Bank of Canada
2047	RYAM	Rayonier Advanced Materials Inc
2048	RYB	Ryb Education Inc Aps
2049	RYI	Ryerson Holding Corp
2050	RYN	Rayonier Inc REIT
2051	RZA	Reinsurance Group of America
2052	RZB	Reinsurance Group of America
2053	SA	Seabridge Gold
2054	SAF	Saratoga Investment Corp
2055	SAFE	Safehold Inc
2056	SAH	Sonic Automotive
2057	SAIC	Science Applications International
2058	SAIL	Sailpoint Technologies Holdings Inc
2059	SAK	Saratoga Investment Corp 7.25% Notes Due 2025
2060	SALT	Scorpio Bulkers Inc
2061	SAM	Boston Beer Company
2062	SAN	Banco Santander
2063	SAND	Sandstorm Gold Ltd
2064	SAP	SAP Ag
2065	SAR	Saratoga Investment Corp
2066	SAVE	Spirit Airlines Inc
2067	SB	Safe Bulkers Inc
2068	SBBA	Scorpio Tankers Inc 7.00% Senior Notes Due 2025
2069	SBE	Switchback Energy Acquisition Corp Cl A
2070	SBG	Sandbridge Acquisition Corp Cl A
2071	SBH	Sally Beauty Holdings
2072	SBI	Western Asset Intermediate Fund Inc
2073	SBOW	Silverbow Resources Inc
2074	SBR	Sabine Royalty Trust
2075	SBS	Cia DE Saneamento Basico Do Estado
2076	SBSW	Sibanye Gold Ltd ADR
2077	SC	Santander Consumer USA Holdings
2078	SCCO	Southern Peru Copper Corp
2079	SCD	Lmp Capital and Income Fund Inc
2080	SCHW	The Charles Schwab Corp
2081	SCI	Service Corp International
2082	SCL	Stepan Company
2083	SCM	Stellus Capital Investment Cor
2084	SCPE	SC Health Corp Cl A
2085	SCS	Steelcase Inc
2086	SCU	Sculptor Capital Management Inc
2087	SCVX	Scvx Corp Cl A
2088	SCX	L.S. Starrett Company
2089	SD	Sandridge Energy Inc
2090	SDHY	PGIM Short Duration High Yield Opportunities Fun
2091	SE	Sea Ltd ADR
2092	SEAH	Sports Entertainment Acquisition Cl A
2093	SEAS	Seaworld Entertainment Inc Company
2094	SEE	Sealed Air Corp
2095	SEM	Select Medical Holdings Corp
2096	SF	Stifel Financial Corp
2097	SFE	Safeguard Scientifics
2098	SFL	Ship Finance International
2099	SFTW	Osprey Technology Acquisition Corp Cl A
2100	SFUN	Fang Holdings Ltd
2101	SGFY	Signify Health Inc Cl A
2102	SGU	Star Gas Partners LP
2103	SHAK	Shake Shack Inc
2104	SHG	Shinhan Financial Group CO Ltd
2105	SHI	Sinopec Shangai Petrochemical Company Ltd
2106	SHLX	Shell Midstream Partners LP
2107	SHO	Sunstone Hotel Investors
2108	SHOP	Shopify Inc
2109	SHW	Sherwin-Williams Company
2110	SI	Silvergate Capital Corp Cl A
2111	SID	Companhia Siderurgica Nacional
2112	SIG	Signet Jewelers Ltd
2113	SII	Sprott Inc
2114	SITC	Site Centers Corp
2115	SITE	Siteone Landscape Supply
2116	SIX	Six Flags Entertainment Corp
2117	SJI	South Jersey Industries
2118	SJIJ	South Jersey Industries Inc 5.625% Junior
2119	SJIU	South Jersey Industries Inc
2120	SJM	J.M. Smucker Company
2121	SJR	Shaw Communications Inc
2122	SJT	San Juan Basin Royalty Trust
2123	SJW	SJW Corp
2124	SKLZ	Skillz Inc
2125	SKM	Sk Telecom Corp
2126	SKT	Tanger Factory Outlet Centers
2127	SKX	Skechers U.S.A.
2128	SKY	Skyline Corp
2129	SLB	Schlumberger N.V.
2130	SLCA	U.S. Silica Holdings Inc
2131	SLF	Sun Life Financial Inc
2132	SLG	SL Green Realty Corp
2133	SLQT	Selectquote Inc
2134	SM	Sm Energy Company
2135	SMAR	Smartsheet Inc Cl A
2136	SMFG	Sumitomo Mitsui Financial Group Inc
2137	SMG	Scotts Miracle-Gro Company
2138	SMHI	Seacor Marine Holdings Inc
2139	SMLP	Summit Midstream Partners LP
2140	SMM	Salient Midstream & MLP Fund
2141	SMP	Standard Motor Products
2142	SNA	Snap-On Inc
2143	SNAP	Snap Inc
2144	SNDR	Schneider National Inc
2145	SNE	Sony Corp
2146	SNN	Smith & Nephew Snats
2147	SNOW	Snowflake Inc Cl A
2148	SNP	China Petroleum & Chemical Corp
2149	SNPR	Tortoise Acquisition Corp II Cl A
2150	SNR	New Senior Investment Group Inc
2151	SNV	Synovus Financial Corp
2152	SNX	Synnex Corp
2153	SO	Southern Company
2154	SOAC	Sustainable Opportunities Acquisition Cl A
2155	SOGO	Sogou Inc
2156	SOI	Solaris Oilfield Infrastructure Inc Cl A
2157	SOJB	Southern Company
2158	SOJC	Southern Company Series 2017B 5.25% Junior
2159	SOJD	Southern Company Series 2020A 4.95% Junior
2160	SOJE	Southern Company Series 2020C 4.20%
2161	SOL	Renesola Ltd
2162	SOLN	Southern Company
2163	SON	Sonoco Products Company
2164	SOR	Source Capital
2165	SOS	Sos Ltd
2166	SPB	Spectrum Brands Holdings Inc
2167	SPCE	Virgin Galactic Holdings Inc
2168	SPE	Special Opportunities Fund Inc
2169	SPFR	Jaws Spitfire Acquisition Corporation Cl A
2170	SPG	Simon Property Group
2171	SPGI	S&P Global Inc
2172	SPH	Suburban Propane Partners LP
2173	SPLP	Steel Partners Hlds
2174	SPNV	Supernova Partners Acquisition Cl A
2175	SPOT	Spotify Technology S.A.
2176	SPR	Spirit Aerosystems Holdings
2177	SPRQ	Spartan Acquisition Corp. II Cl A
2178	SPXC	SPX Corp
2179	SPXX	Nuveen Equity Premium and Growth Fund
2180	SQ	Square
2181	SQM	Sociedad Quimica Y Minera S.A.
2182	SQNS	Sequans Communications S A
2183	SQZ	Sqz Biotechnologies Company
2184	SR	Spire Inc
2185	SRC	Spirit Realty Capital Inc
2186	SRE	Sempra Energy
2187	SREA	Sempra Energy 5.750% Junior
2188	SRG	Seritage Growth Properties
2189	SRI	Stoneridge Inc
2190	SRL	Scully Royalty Ltd
2191	SRLP	Sprague Resources LP
2192	SRT	Startek Inc
2193	SRV	The Cushing MLP Total Return Fund
2194	SSD	Simpson Manufacturing Company
2195	SSL	Sasol Ltd
2196	SSTK	Shutterstock Inc
2197	ST	Sensata Technologies Holding N.V.
2198	STAG	STI Inc
2199	STAR	Istar Financial Inc
2200	STC	Stewart Information Services Corp
2201	STE	Steris Corp
2202	STG	Sunlands Online Education Group ADR
2203	STIC	Northern Star Acquisition Cl A
2204	STK	Columbia Seligman Premium Technology
2205	STL	Sterling Bancorp
2206	STLA	Stellantis N.V.
2207	STM	Stmicroelectronics N.V.
2208	STN	Stantec Inc
2209	STNG	Scorpio Tankers Inc
2210	STON	Stonemor Partners LP
2211	STOR	Store Capital Corpstore Capital
2212	STPK	Star Peak Energy Transition Corp Cl A
2213	STT	State Street Corp
2214	STWD	Starwood Property Trust
2215	STZ	Constellation Brands Inc
2216	SU	Suncor Energy Inc
2217	SUI	Sun Communities
2218	SUM	Summit Materials Inc
2219	SUN	Sunoco LP
2220	SUP	Superior Industries International
2221	SUPV	Grupo Supervielle S.A.
2222	SUZ	Suzano Papel E Celul
2223	SWCH	Switch Inc
2224	SWI	Solarwinds Corp
2225	SWK	Stanley Black & Decker Inc
2226	SWM	Schweitzer-Mauduit International
2227	SWN	Southwestern Energy Company
2228	SWT	Stanley Black & Decker Inc
2229	SWX	Southwest Gas Corp
2230	SWZ	Swiss Helvetia Fund
2231	SXC	Suncoke Energy Inc
2232	SXI	Standex International Corp
2233	SXT	Sensient Technologies Corp
2234	SYF	Synchrony Financial
2235	SYK	Stryker Corp
2236	SYX	Systemax Inc
2237	SYY	Sysco Corp
2238	SZC	The Cushing Renaissance Fund
2239	T	AT&T Inc
2240	TAC	Transalta Corp
2241	TACA	Trepont Acquisition Corp I Cl A
2242	TAK	Takeda Pharmaceutical CO Ltd
2243	TAL	Tal Education Group
2244	TALO	Talos Energy Inc
2245	TAP	Molson Coors Brewing Company
2246	TARO	Taro Pharm Inds
2247	TBA	Thoma Bravo Advantage Cl A
2248	TBB	AT&T Inc 5.350% Global Notes Due 2066
2249	TBC	AT&T Inc 5.625% Global Notes Due 2067
2250	TBI	Trueblue Inc
2251	TCI	Transcontinental Realty Investors
2252	TCP	TCP Pipelines
2253	TCS	The Container Store Group Inc
2254	TD	Toronto Dominion Bank
2255	TDA	Telephone and Data Systems Inc
2256	TDC	Teradata Corp
2257	TDE	Telephone and Data Systems
2258	TDF	Templeton Dragon Fund
2259	TDG	Transdigm Group Inc
2260	TDI	Telephone and Data Systems
2261	TDJ	Telephone and Data Systems Inc
2262	TDOC	Teladoc Health Inc
2263	TDS	Telephone and Data Systems
2264	TDW	Tidewater Inc
2265	TDY	Teledyne Technologies Inc
2266	TEAF	Tortoise Essential Assets Income Term Fund
2267	TECK	Teck Resources Ltd
2268	TEF	Telefonica S.A.
2269	TEI	Templeton Emerging Markets
2270	TEL	Te Connectivity Ltd
2271	TEN	Tenneco Automotive
2272	TEO	Telecom Argentina Stet France Telecom S.A.
2273	TEVA	Teva Pharmaceutical Industries Ltd
2274	TEX	Terex Corp
2275	TFC	Truist Financial Corp
2276	TFII	Tfi International Inc
2277	TFSA	Terra Income Fund VI 7.00% Notes Due 2026
2278	TFX	Teleflex Inc
2279	TG	Tredegar Corp
2280	TGH	Textainer Group Holdings
2281	TGI	Triumph Group
2282	TGNA	Tegna Inc
2283	TGP	Teekay Lng Partners LP
2284	TGS	Transportadora DE Gas Sa Ord B
2285	TGT	Target Corp
2286	THC	Tenet Healthcare Corp
2287	THG	The Hanover Insurance Group
2288	THO	Thor Industries
2289	THQ	Tekla Healthcare Opportunities
2290	THR	Thermon Group Holdings Inc
2291	THS	Treehouse Foods
2292	THW	Tekla World Healthcare Fund
2293	TIMB	Tim S.A. ADR
2294	TINV	Tiga Acquisition Corp Cl A
2295	TISI	Team Inc
2296	TIXT	Telus International [Cda] Inc Subordinate Voting
2297	TJX	TJX Companies
2298	TK	Teekay Shipping Corp
2299	TKC	Turkcell Iletisim Hizmetleri As
2300	TKR	Timken Company
2301	TLK	P.T. Telekomunikasi Indonesia Tbk
2302	TLYS	Tilly's Inc
2303	TM	Toyota Motor Corp Ltd Ord
2304	TME	Tencent Music Entertainment Group ADR
2305	TMHC	Taylor Morrison Home Corp
2306	TMO	Thermo Fisher Scientific Inc
2307	TMST	Timken Steel Corp
2308	TMX	Terminix Global Hldgs Inc
2309	TNC	Tennant Company
2310	TNET	Trinet Group Inc
2311	TNK	Teekay Tankers Ltd
2312	TNL	Travel + Leisure CO
2313	TNP	Tsakos Energy Navigation Ltd
2314	TOL	Toll Brothers Inc
2315	TOT	Totalfinaelf S.A.
2316	TPB	Turning Point Brands
2317	TPC	Tutor Perini Corp
2318	TPGY	Tpg Pace Beneficial Finance Corp Cl A
2319	TPH	Tri Pointe Homes Inc
2320	TPL	Texas Pacific Land Trust
2321	TPR	Tapestry Inc
2322	TPRE	Third Point Reinsurance Ltd Company
2323	TPVG	Triplepoint Venture Growth Bdc
2324	TPVY	Triplepoint Venture Growth Bdc Corp 5.75% Notes
2325	TPX	Tempur-Pedic International Inc
2326	TPZ	Tortoise Power and Energy
2327	TR	Tootsie Roll Industries
2328	TRC	Tejon Ranch Company
2329	TREB	Trebia Acquisition Corp Cl A
2330	TREC	Trecora Resources
2331	TREX	Trex Company
2332	TRGP	Targa Resources
2333	TRI	Thomson Reuters Corp
2334	TRN	Trinity Industries
2335	TRNO	Terreno Realty Corp
2336	TROX	Tronox Inc
2337	TRP	Tc Energy Corp
2338	TRQ	Turquoise Hill Resources Ltd
2339	TRTN	Triton International Ltd
2340	TRTX	Tpg Re Finance Trust Inc
2341	TRU	Transunion
2342	TRV	The Travelers Companies Inc
2343	TS	Tenaris S.A.
2344	TSE	Trinseo S.A.
2345	TSI	Tcw Strategic
2346	TSLX	Tpg Specialty Lending Inc
2347	TSM	Taiwan Semiconductor Manufacturing
2348	TSN	Tyson Foods
2349	TSQ	Townsquare Media Llc
2350	TT	Trane Technologies Plc
2351	TTC	Toro Company
2352	TTI	Tetra Technologies
2353	TTM	Tata Motors Ltd
2354	TTP	Tortoise Pipeline & Energy Fund
2355	TU	Telus Corp
2356	TUFN	Tufin Software Technologies Ltd
2357	TUP	Tupperware Corp
2358	TV	Grupo Televisa S.A.
2359	TVC	Tennessee Valley Authority
2360	TVE	Tennessee Valley Authority
2361	TWI	Titan International
2362	TWLO	Twilio
2363	TWN	Taiwan Fund
2364	TWND	Tailwind Acquisition Corp Cl A
2365	TWO	Two Harbors Investments Corp
2366	TWTR	Twitter Inc
2367	TX	Ternium S.A.
2368	TXT	Textron Inc
2369	TY	Tri Continental Corp
2370	TY.P	Tri Contl Corp [Ty/P]
2371	TYG	Tortoise Energy Infrastructure Corp
2372	TYL	Tyler Technologies
2373	U	Unity Software Inc
2374	UA	Under Armour Inc Cl C
2375	UAA	Under Armour
2376	UAN	Cvr Partners LP
2377	UBA	Urstadt Biddle Properties Inc
2378	UBER	Uber Technologies Inc
2379	UBP	Urstadt Biddle Properties Inc
2380	UBS	UBS Group Ag
2381	UDR	United Dominion Realty Trust
2382	UE	Urban Edge Properties
2383	UFI	Unifi Inc
2384	UFS	Domtar Corp
2385	UGI	Ugi Corp
2386	UGP	Ultrapar Participacoes S.A.
2387	UHS	Universal Health Services
2388	UHT	Universal Health Realty Income Trust
2389	UI	Ubiquiti Networks
2390	UIS	Unisys Corp
2391	UL	Unilever Plc
2392	UMC	United Microelectronics Corp
2393	UMH	Umh Properties
2394	UNF	Unifirst Corp
2395	UNFI	United Nat Foods
2396	UNH	Unitedhealth Group Inc
2397	UNM	Unumprovident Corp
2398	UNMA	Unum Group 6.250% Junior
2399	UNP	Union Pacific Corp
2400	UNVR	Univar Inc
2401	UPS	United Parcel Service
2402	URI	United Rentals
2403	USA	Liberty All-Star Equity Fund
2404	USAC	USA Compression Partners LP
2405	USB	U.S. Bancorp
2406	USDP	USD Partners LP
2407	USFD	US Foods Holding
2408	USM	United States Cellular Corp
2409	USNA	Usana Health Sciences Inc
2410	USPH	U.S. Physical Therapy
2411	USX	U.S. Xpress Enterprises Inc Cl A
2412	UTF	Cohen & Steers Infrastructure Fund
2413	UTI	Universal Technical Institute Inc
2414	UTL	Unitil Corp
2415	UTZ	Utz Brands Inc
2416	UVE	Universal Insurance Holdings Inc
2417	UVV	Universal Corp
2418	UWMC	Uwm Hldg Corp
2419	UZA	United States Cellular Corp
2420	UZB	United States Cellular Corp
2421	UZC	United States Cellular Corp
2422	UZD	United States Cellular Corp 6.250% Senior
2423	UZE	United States Cellular Corp
2424	V	Visa Inc
2425	VAC	Marriot Vacations Worldwide Cor
2426	VALE	Vale S.A.
2427	VAPO	Vapotherm Inc
2428	VAR	Varian Medical Systems
2429	VBF	Invesco Van Kampen Bond Fund
2430	VCIF	Vertical Capital Income Fund Common Shares of BE
2431	VCRA	Vocera Communications Inc
2432	VCV	Invesco California Value Muni Income Trust
2433	VEC	Vectrus Inc
2434	VEDL	Vedanta Ltd
2435	VEEV	Veeva Systems Inc
2436	VEL	Velocity Financial Inc
2437	VER	Vereit Inc
2438	VET	Vermilion Energy Inc
2439	VFC	V.F. Corp
2440	VGAC	VG Acquisition Corp Cl A
2441	VGI	Virtus Global Multi-Sector Inc
2442	VGM	Invesco Trust For Investment Grade Municipals
2443	VGR	Vector Group Ltd
2444	VHC	Virnetx Holding Corp
2445	VHI	Valhi Inc
2446	VIAO	Via Optronics Ag ADR
2447	VICI	Vici Properties Inc
2448	VIPS	Vipshop Holdings Ltd
2449	VIST	Vista Oil & Gas S.A.B. DE C.V.
2450	VIV	Telecomunicacoes DE Sao Paulo ADR
2451	VKQ	Invesco Muni Trust
2452	VLO	Valero Energy Corp
2453	VLRS	Controladora Vuela Compaia DE
2454	VLT	Invesco High
2455	VMC	Vulcan Materials Company
2456	VMI	Valmont Industries
2457	VMO	Invesco Muni Opportunity Trust
2458	VMW	Vmware Inc
2459	VNCE	Vince Holding Corp
2460	VNE	Veoneer Inc
2461	VNO	Vornado Realty Trust
2462	VNT	Vontier Corp [Vnt/I]
2463	VNTR	Venator Materials Plc
2464	VOC	Voc Energy Trust
2465	VOYA	VOYA Financial Inc
2466	VPG	Vishay Precision Group
2467	VPV	Invesco Pennsylvania Muni
2468	VRS	Verso Corp
2469	VRT	Vertiv Holdings Llc.
2470	VRTV	Veritiv Corp
2471	VSH	Vishay Intertechnology
2472	VST	Vistra Energy Corp
2473	VSTO	Vista Outdoor Inc
2474	VTA	Invesco Dynamic Credit Fund
2475	VTN	Invesco Trust New York Muni
2476	VTOL	Bristow Group Inc
2477	VTR	Ventas Inc
2478	VVI	Viad Corp
2479	VVNT	Vivint Smart Home Inc
2480	VVR	Invesco Senior Income Trust
2481	VVV	Valvoline Inc
2482	VYGG	Vy Global Growth Cl A
2483	VZ	Verizon Communications Inc
2484	W	Wayfair Inc
2485	WAB	Wabtec Corp
2486	WAL	Western Alliance Bancorp
2487	WALA	Western Alliance Bancorp
2488	WAT	Waters Corp
2489	WBAI	500Wan.com Ltd
2490	WBK	Westpac Banking Corp
2491	WBS	Webster Financial Corp
2492	WBT	Welbilt Inc
2493	WCC	Wesco International
2494	WCN	Waste Connections Inc
2495	WD	Walker & Dunlop
2496	WDR	Waddell & Reed Financial
2497	WEA	Western Asset Bond Fund
2498	WEC	Wisconsin Energy Corp
2499	WEI	Weidai Ltd ADR
2500	WELL	Welltower Inc
2501	WES	Western Midstream Partners LP
2502	WEX	Wex Inc
2503	WF	Woori Finance Holdings CO Ltd
2504	WFC	Wells Fargo & Company
2505	WFG	West Fraser Timber L
2506	WGO	Winnebago Industries
2507	WH	Wyndham Hotels & Resorts Inc
2508	WHD	Cactus Inc Cl A
2509	WHG	Westwood Holdings Group Inc
2510	WHR	Whirlpool Corp
2511	WIA	U.S. Treasury Inflation Prot Secs Fd
2512	WIT	Wipro Ltd
2513	WIW	U.S Treasury Inflation Prot Secs Fd 2
2514	WK	Workiva Llc
2515	WLK	Westlake Chemical Corp
2516	WLKP	Westlake Chemical Partners LP
2517	WLL	Whiting Petroleum Corp
2518	WM	Waste Management
2519	WMB	Williams Companies
2520	WMC	Western Asset Mortgage Capital
2521	WMK	Weis Markets
2522	WMS	Advanced Drainage Systems Inc
2523	WMT	Wal-Mart Stores
2524	WNC	Wabash National Corp
2525	WNS	Wns Ltd
2526	WOR	Worthington Industries
2527	WORK	Slack Technologies Inc
2528	WOW	Wideopenwest Inc
2529	WPC	W.P. Carey & CO Llc
2530	WPF	Foley Trasimene Acquisition Cl A
2531	WPG	Washington Prime Group Inc
2532	WPM	Wheaton Precious Metals
2533	WPP	Wpp Plc ADR
2534	WRB	W.R. Berkley Corp
2535	WRE	Washington Real Estate Investment
2536	WRI	Weingarten Realty Investors
2537	WRK	Westrock Company
2538	WSM	Williams-Sonoma
2539	WSO	Watsco Inc
2540	WSR	Whitestone REIT
2541	WST	West Pharmaceutical Services
2542	WTI	W&T Offshore
2543	WTM	White Mountains Insurance Group
2544	WTRG	Essential Utilities Inc
2545	WTRU	Aqua America Inc 6.00% Tangible Equity Units
2546	WTS	Watts Water Technologies
2547	WTTR	Select Energy Services Inc
2548	WU	Western Union Company
2549	WWE	World Wrestling Entertainment
2550	WWW	Wolverine World Wide
2551	WY	Weyerhaeuser Company
2552	WYND	Wyndham Destinations Inc
2553	X	United States Steel Corp
2554	XAN	Exantas Capital Corp
2555	XEC	Cimarex Energy Company
2556	XFLT	Xai Octagon Floating Alt Income Term Trust Compa
2557	XHR	Xenia Hotels & Resorts Inc
2558	XIN	Xinyuan Real Estate CO Ltd
2559	XL	XL Fleet Corp
2560	XOM	Exxon Mobil Corp
2561	XPEV	Xpeng Inc ADR
2562	XPO	Xpo Logistics Inc
2563	XPOA	Dpcm Capital Inc Cl A
2564	XRX	Xerox Corp
2565	XYF	X Financial
2566	XYL	Xylem Inc
2567	Y	Alleghany Corp
2568	YAC	Yucaipa Acquisition Corp Cl A
2569	YALA	Yalla Group Limited ADR
2570	YELP	Yelp Inc
2571	YETI	Yeti Holdings Inc
2572	YEXT	Yext Inc
2573	YPF	Ypf Sociedad Anonima
2574	YRD	Yirendai Ltd
2575	YSG	Yatsen Holding Limited ADR
2576	YUM	Yum! Brands
2577	YUMC	Yum China Holdings Inc
2578	ZBH	Zimmer Biomet Holdings
2579	ZEN	Zendesk Inc
2580	ZEPP	Zepp Health Corp
2581	ZIM	Zim Integrated Shipping Services Ltd
2582	ZNH	China Southern Airlines Company
2583	ZTO	Zto Express Cayman Inc
2584	ZTR	Virtus Global Divd & Income Fund
2585	ZTS	Zoetis Inc Cl A
2586	ZUO	Zuora Inc
2587	ZYME	Zymeworks Inc
